{
  "type": "Topology",
  "objects": {
    "districts": {
      "type": "GeometryCollection",
      "geometries": [
        {
          "type": "Polygon",
          "arcs": [[0, 1, 2, 3, 4, 5, 6, 7]],
          "properties": {
            "dt_code": "083",
            "district": "Jhajjar",
            "st_code": "06",
            "year": "2011_c",
            "st_nm": "Haryana"
          }
        },
        {
          "type": "Polygon",
          "arcs": [[-3, 8, 9, 10, 11, 12, 13]],
          "properties": {
            "dt_code": "086",
            "district": "Gurugram",
            "st_code": "06",
            "year": "2011_c",
            "st_nm": "Haryana"
          }
        },
        {
          "type": "Polygon",
          "arcs": [[-11, 9, 14, 15, 16]],
          "properties": {
            "dt_code": "088",
            "district": "Faridabad",
            "st_code": "06",
            "year": "2011_c",
            "st_nm": "Haryana"
          }
        },
        {
          "type": "Polygon",
          "arcs": [[17, 18, 19, 20, 21, 22]],
          "properties": {
            "dt_code": "084",
            "district": "Mahendragarh",
            "st_code": "06",
            "year": "2011_c",
            "st_nm": "Haryana"
          }
        },
        {
          "type": "Polygon",
          "arcs": [[-4, -14, 23, 24, -22, 25, 26]],
          "properties": {
            "dt_code": "085",
            "district": "Rewari",
            "st_code": "06",
            "year": "2011_c",
            "st_nm": "Haryana"
          }
        },
        {
          "type": "Polygon",
          "arcs": [[-13, 27, 28, -24]],
          "properties": {
            "dt_code": "087",
            "district": "Nuh",
            "st_code": "06",
            "year": "2011_c",
            "st_nm": "Haryana"
          }
        },
        {
          "type": "Polygon",
          "arcs": [[-12, -17, 15, 29, -28]],
          "properties": {
            "dt_code": "089",
            "district": "Palwal",
            "st_code": "06",
            "year": "2011_c",
            "st_nm": "Haryana"
          }
        },
        {
          "type": "Polygon",
          "arcs": [[-7, 5, -5, 26, -26, -21, 19, -19, 30, 31]],
          "properties": {
            "dt_code": "765",
            "district": "Charkhi Dadri",
            "st_code": "06",
            "year": "2016_c",
            "st_nm": "Haryana"
          }
        },
        {
          "type": "Polygon",
          "arcs": [[32, 33, 34, 35, 36]],
          "properties": {
            "dt_code": "071",
            "district": "Yamunanagar",
            "st_code": "06",
            "year": "2011_c",
            "st_nm": "Haryana"
          }
        },
        {
          "type": "Polygon",
          "arcs": [[-36, 34, 37, 38, 39, 40, 41, 42]],
          "properties": {
            "dt_code": "072",
            "district": "Kurukshetra",
            "st_code": "06",
            "year": "2011_c",
            "st_nm": "Haryana"
          }
        },
        {
          "type": "Polygon",
          "arcs": [[-39, 43, 44, 45, 46, 47]],
          "properties": {
            "dt_code": "073",
            "district": "Kaithal",
            "st_code": "06",
            "year": "2011_c",
            "st_nm": "Haryana"
          }
        },
        {
          "type": "Polygon",
          "arcs": [[48, 49, 50]],
          "properties": {
            "dt_code": "079",
            "district": "Sirsa",
            "st_code": "06",
            "year": "2011_c",
            "st_nm": "Haryana"
          }
        },
        {
          "type": "Polygon",
          "arcs": [[-34, 51, 52, 53, 54, 55, -44, -38]],
          "properties": {
            "dt_code": "074",
            "district": "Karnal",
            "st_code": "06",
            "year": "2011_c",
            "st_nm": "Haryana"
          }
        },
        {
          "type": "Polygon",
          "arcs": [[-47, 45, -45, -56, 56, 57, 58, 59, 60, 61]],
          "properties": {
            "dt_code": "077",
            "district": "Jind",
            "st_code": "06",
            "year": "2011_c",
            "st_nm": "Haryana"
          }
        },
        {
          "type": "Polygon",
          "arcs": [[-49, 62, -61, 63, 64]],
          "properties": {
            "dt_code": "078",
            "district": "Fatehabad",
            "st_code": "06",
            "year": "2011_c",
            "st_nm": "Haryana"
          }
        },
        {
          "type": "Polygon",
          "arcs": [[-60, 65, 66, 67, 68, 69, 70, 71, -64]],
          "properties": {
            "dt_code": "080",
            "district": "Hisar",
            "st_code": "06",
            "year": "2011_c",
            "st_nm": "Haryana"
          }
        },
        {
          "type": "Polygon",
          "arcs": [[-55, 53, -53, 72, 73, -57]],
          "properties": {
            "dt_code": "075",
            "district": "Panipat",
            "st_code": "06",
            "year": "2011_c",
            "st_nm": "Haryana"
          }
        },
        {
          "type": "Polygon",
          "arcs": [[-1, 74, -58, -74, 75]],
          "properties": {
            "dt_code": "076",
            "district": "Sonipat",
            "st_code": "06",
            "year": "2011_c",
            "st_nm": "Haryana"
          }
        },
        {
          "type": "Polygon",
          "arcs": [[-18, 76, -71, 69, -69, 77, -31]],
          "properties": {
            "dt_code": "081",
            "district": "Bhiwani",
            "st_code": "06",
            "year": "2011_c",
            "st_nm": "Haryana"
          }
        },
        {
          "type": "Polygon",
          "arcs": [[-8, -32, -78, -68, 66, -66, -59, -75]],
          "properties": {
            "dt_code": "082",
            "district": "Rohtak",
            "st_code": "06",
            "year": "2011_c",
            "st_nm": "Haryana"
          }
        },
        {
          "type": "MultiPolygon",
          "arcs": [[[78, 79]], [[80, 81]]],
          "properties": {
            "dt_code": "069",
            "district": "Panchkula",
            "st_code": "06",
            "year": "2011_c",
            "st_nm": "Haryana"
          }
        },
        {
          "type": "MultiPolygon",
          "arcs": [[[-41, 82]], [[-37, -43, 83, -80, 84, -81, 85]]],
          "properties": {
            "dt_code": "070",
            "district": "Ambala",
            "st_code": "06",
            "year": "2011_c",
            "st_nm": "Haryana"
          }
        }
      ]
    }
  },
  "arcs": [
    [
      [325.6850853108681, 317.66450311036033],
      [326.717041966589, 319.308123407955],
      [327.03456709142665, 319.308123407955],
      [329.05878976226086, 319.2680371877341],
      [331.9562065263981, 319.22795086354154],
      [333.30568830695483, 319.22795086354154]
    ],
    [
      [333.30568830695483, 319.22795086354154],
      [334.73455136872144, 320.27016150676855],
      [334.8139326499313, 320.31024512826934],
      [334.8139326499313, 320.31024512826934],
      [335.0917671341649, 323.83719699237054],
      [333.62321343179246, 325.80071943520215],
      [335.60774546202265, 328.9658740675882],
      [334.099501119048, 331.9301158431831],
      [337.15568044560314, 334.1729490069124],
      [334.77424200932546, 338.6176062885993],
      [334.77424200932546, 338.6176062885993],
      [334.77424200932546, 338.65764245961327],
      [332.3928035730478, 338.6176062885993],
      [331.0830124330969, 341.2197426519615],
      [333.3850695881629, 344.261687715285],
      [333.5041415099786, 344.46179480004776],
      [332.6706380572796, 345.50231010761354],
      [332.3531129324456, 345.8624722543368],
      [332.31342229184156, 345.9024897555187],
      [330.44796218342344, 343.98153346734034],
      [328.62219271561116, 345.1021201564008],
      [326.32013556054153, 343.9014884687367],
      [323.18457495277653, 350.743847436107],
      [319.96963306380167, 351.22389996906395],
      [320.7237552352908, 355.983619807334],
      [326.16137299812544, 360.382067763072],
      [325.16910698300853, 362.7007498867292],
      [325.8438478732878, 362.98056752591856]
    ],
    [
      [325.8438478732878, 362.98056752591856],
      [324.4149848115194, 363.70007555627853],
      [317.9851010335733, 362.7407241424439],
      [316.23871284696725, 367.097304301411],
      [313.8969650512954, 368.6158263359648],
      [310.8804763653443, 366.6577045757763],
      [309.5706852253934, 369.37503199947196],
      [307.26862807032376, 367.81662261596284],
      [302.38667927595634, 364.49949001628784],
      [304.13306746255876, 372.7710268585224],
      [302.8629669632119, 378.16315040229574],
      [306.39543397702255, 381.87664409043646],
      [304.37121130618834, 384.8308382814316],
      [300.0846221208885, 382.5553595987594],
      [298.85421226214567, 381.9165693460036],
      [297.7825649658189, 381.3576065086745]
    ],
    [
      [297.7825649658189, 381.3576065086745],
      [297.42534920037906, 381.15797209030734],
      [295.4805078107511, 378.40275721799253],
      [292.42432848419594, 374.6484955830565],
      [291.2336092660571, 374.0892731488507],
      [286.70887623713134, 372.73107826635214],
      [283.73207819178424, 377.5241809625991],
      [282.6604308954593, 377.08487434108474],
      [283.930531394808, 373.88954600514035],
      [277.61971953867214, 372.8109753486251],
      [269.88004462077333, 375.52723330304616],
      [268.0145845123552, 374.60855178651946],
      [268.1336564341691, 369.89446725054904],
      [263.0135637961721, 367.5768535255761],
      [258.96511845450186, 367.73669999481854],
      [258.25068692361856, 370.0542900077671],
      [251.93987506748454, 368.3361096852841],
      [250.39194008390405, 367.9365057808668],
      [248.92338638153342, 368.0164273796081]
    ],
    [
      [248.92338638153342, 368.0164273796081],
      [248.7646238191137, 367.4969296774557],
      [247.93112036641833, 367.25715567896304],
      [248.20895485065012, 365.9782988375209],
      [248.72493317850967, 363.6201318579301],
      [253.36873812924932, 364.0198462542694],
      [255.35327015948133, 354.4238718929587],
      [254.28162286315637, 351.22389996906395],
      [255.39296080008717, 351.5839296512195],
      [257.25842090850347, 346.14259259926666]
    ],
    [
      [257.25842090850347, 346.14259259926666],
      [257.25842090850347, 346.14259259926666]
    ],
    [
      [257.25842090850347, 346.14259259926666],
      [259.36202486054935, 348.66344862442793],
      [263.0135637961721, 349.303600967633],
      [263.05325443677793, 349.303600967633],
      [264.08521109249705, 355.8636447433105],
      [265.5934554354735, 355.8636447433105],
      [267.10169977845, 348.8634990617279],
      [267.10169977845, 348.7034589177201],
      [269.1259224492842, 348.8634990617279],
      [271.34859832314214, 346.54275576484224],
      [267.77644066872745, 342.54066039216514],
      [271.46767024495784, 340.8194423663949],
      [273.33313035337414, 336.7357897290108],
      [267.26046234086607, 334.2129966504576],
      [265.7522179978914, 333.6923692160135],
      [265.7125273572874, 333.57222194069254]
    ],
    [
      [265.7125273572874, 333.57222194069254],
      [264.8393332639862, 330.32789341911166],
      [270.07849782379526, 328.445070309308],
      [272.06302985402726, 327.72392849701873],
      [278.8501293974168, 328.2447565078819],
      [279.76301413132205, 326.24147594940405],
      [286.03413534685205, 328.6453815197342],
      [287.46299840861866, 326.76235383169615],
      [288.1377392988961, 325.80071943520215],
      [289.3681491576408, 320.1499100186679],
      [292.30525656238206, 320.59082756881617],
      [294.7263856392656, 318.3861140365807],
      [293.0990693744752, 315.0985023543358],
      [292.9403068120573, 314.8178201554956],
      [294.13102603019615, 313.6549395436891],
      [294.56762307684585, 313.2138239827714],
      [294.6470043580557, 313.09351755110583],
      [294.84545756107764, 313.5346365498981],
      [297.9016368876346, 317.02304288149526],
      [298.0207088094485, 319.58872403853593],
      [302.98203888502576, 320.91148697998005],
      [302.9026576038159, 323.6368235486807],
      [300.9181255735857, 324.398228829305],
      [300.12431276149255, 327.3633449960139],
      [301.7516290262811, 328.52519510438833],
      [302.9423482444199, 328.4851327586671],
      [303.85523297832515, 325.11952558746725],
      [307.10986550790585, 325.4000208029779],
      [309.25316010055576, 323.5566734445356],
      [312.150576864693, 327.44347538861575],
      [319.2552015329202, 317.46404964979774],
      [321.31911484436023, 317.8649539703133],
      [323.8593158430558, 315.4593719708205],
      [325.6850853108681, 317.66450311036033]
    ],
    [
      [325.8438478732878, 362.98056752591856],
      [328.86033655923893, 361.3815419802322],
      [334.29795432207175, 362.7407241424439],
      [337.9891838983003, 360.26212655221934],
      [342.15670116178626, 361.26160845611867],
      [342.91082333327176, 360.22214594359093],
      [340.88660066243756, 358.66282223429107],
      [341.75979475573877, 357.34327263493014],
      [341.75979475573877, 357.34327263493014],
      [346.87988739373577, 360.9417812161769],
      [351.2855485008495, 360.74188586048103],
      [352.67472092201024, 361.62140626181235],
      [353.42884309349756, 362.06114786477565],
      [356.52471306065854, 363.9798752753536],
      [356.2865692170308, 365.0990239912767],
      [355.2149219207058, 367.6567769646931],
      [356.9216194667042, 371.49262127600514],
      [362.0417121047012, 374.2091082108186],
      [362.39892787014105, 374.4088312737872],
      [363.51026580707185, 377.4842445065319]
    ],
    [
      [363.51026580707185, 377.4842445065319],
      [363.51026580707185, 377.4842445065319]
    ],
    [
      [363.51026580707185, 377.4842445065319],
      [361.68449633925775, 379.0416907984886],
      [360.81130224595654, 379.76045991197],
      [361.128827370796, 390.33852485307943],
      [367.36025794572015, 393.84966378013314],
      [369.6226244601821, 395.0863553236122],
      [370.1386027880435, 395.40548572686475],
      [369.94014958501793, 397.95829568759564]
    ],
    [
      [369.94014958501793, 397.95829568759564],
      [368.78912100748676, 399.1946640019519],
      [366.20922936818533, 401.06897252811495],
      [365.65356039971994, 402.5842076747799],
      [366.92366089906864, 405.29531707795786],
      [365.65356039971994, 406.45138352680397]
    ],
    [
      [365.65356039971994, 406.45138352680397],
      [363.11335940102435, 407.8465231528003],
      [358.82677021572454, 404.0195590464532],
      [358.5886263720986, 404.0992969519648],
      [356.4453317794487, 405.0561203203897],
      [354.1829652649849, 403.66073347361],
      [353.07162732805773, 404.85678691349585],
      [351.40462042266154, 403.3018997213967],
      [350.13451992331466, 405.61424043644],
      [348.82472878336193, 405.255451204011],
      [348.11029725248045, 401.2284778360895],
      [343.58556422355105, 400.59044690102655],
      [342.1963918023903, 392.13409171331523],
      [340.7675287406237, 389.22117957943965],
      [338.02887453890435, 387.9042062147505],
      [334.61547944690756, 391.0168742491055],
      [332.114969088816, 389.340898949702],
      [329.93198385556207, 393.0916434173437],
      [328.5428114344013, 392.7724660034328],
      [328.66188335621337, 393.01184967200106],
      [330.17012769919165, 396.32294953604105],
      [329.5747680901204, 398.317251342226],
      [328.90002719984295, 398.87561051739567],
      [327.35209221626246, 399.87263116598206],
      [324.732509936357, 398.4369014060371],
      [322.35107150007934, 403.34177054225984]
    ],
    [
      [322.35107150007934, 403.34177054225984],
      [321.5572586879862, 402.5044620938402],
      [320.92220843831274, 401.82660833993214],
      [316.4371660499928, 401.7069840581107],
      [316.27840348757127, 399.7131121095167],
      [314.37325273855095, 399.43394986758904],
      [312.3093394271109, 404.17903445362253],
      [308.7768724133002, 400.5505691083995],
      [303.25987336925573, 398.15771650745955],
      [298.97328418395773, 398.2773677852897],
      [299.96555019907464, 390.9370699593037],
      [298.3382339342843, 390.45823570023686],
      [297.4650398409831, 392.49318044475785],
      [295.4408171701489, 391.85479480025106],
      [297.10782407554143, 384.4316553882236],
      [297.58411176279697, 382.3557404424014],
      [297.7825649658189, 381.3576065086745]
    ],
    [
      [363.51026580707185, 377.4842445065319],
      [363.7484096506978, 377.444307948565],
      [364.7803663064187, 376.64555538785726],
      [367.5984017893479, 376.72543247849126],
      [369.9004589444139, 376.2861034342832],
      [370.8133436783228, 375.8467620549486],
      [373.1550914739946, 373.80965443346986],
      [372.8772569897628, 370.6136567860408],
      [372.79787570855297, 370.3739306184498],
      [371.09117816255457, 369.65473004963224],
      [372.1628254588795, 367.1772301947167],
      [372.4406599431095, 366.5378115936469],
      [373.79014172366806, 365.9782988375209],
      [378.5530185962234, 363.93990419405964],
      [381.64888856338257, 365.8584006382184],
      [384.62568660872967, 362.6208010680298],
      [385.9751683892882, 360.382067763072],
      [386.4514560765401, 363.14046106661544],
      [386.5308373577518, 363.4202708201956],
      [386.61021863896167, 363.4202708201956],
      [389.1107289970514, 363.6601037582982],
      [390.2617575745862, 367.81662261596284],
      [393.87360586960494, 368.2561897222381],
      [392.8019585732818, 369.9743788334913],
      [397.16792903978967, 370.0942454416586],
      [397.40607288341744, 373.6099237187377],
      [400.9385398972281, 374.60855178651946],
      [401.057611819042, 375.96658365455414],
      [402.8833812868543, 375.36746647986047],
      [403.6375034583416, 376.9251234213648],
      [402.3277123183889, 378.6423603664234],
      [406.41584830066495, 382.6352065492383],
      [405.304510363736, 385.70900487051495],
      [402.0498778341571, 387.8243860940238],
      [406.7333734255026, 392.13409171331523],
      [406.25708573824704, 395.8841691795951],
      [404.5900788328545, 397.2004735015639],
      [404.82822267648044, 400.03214860464095],
      [412.36944439135914, 401.46773276612385],
      [408.5591428933167, 404.0992969519648],
      [410.38491236112714, 406.21220432695554],
      [409.4720276272219, 407.8465231528003],
      [406.09832317582914, 406.9695926679524],
      [405.8998699728054, 406.92973103154736]
    ],
    [
      [405.8998699728054, 406.92973103154736],
      [405.8998699728054, 406.92973103154736]
    ],
    [
      [405.8998699728054, 406.92973103154736],
      [405.8601793322032, 406.4115205790413],
      [402.01018719355307, 405.4149140942686],
      [400.1050364445309, 406.92973103154736],
      [397.2473103209977, 405.654105402135],
      [394.86587188472186, 407.6472250558195],
      [393.87360586960494, 405.61424043644],
      [390.18237629337636, 404.5777159044128],
      [389.2694915594693, 402.42471610882103],
      [385.6576432644488, 402.5443349348229],
      [382.7205358597075, 398.8357283766759],
      [382.6808452191017, 398.8357283766759],
      [380.8947663918934, 399.55359143515625],
      [374.34581069213345, 397.0808140273525],
      [374.22673877031775, 397.040927333529],
      [374.028285567294, 399.1547826703727],
      [371.4087032873904, 397.43978971744264],
      [371.2896313655765, 397.3999039344667],
      [371.0117968813447, 397.5993318373762],
      [369.94014958501793, 397.95829568759564]
    ],
    [
      [196.92864718948113, 379.76045991197],
      [197.64307872036443, 376.8053091614138],
      [198.23843832943385, 374.4088312737872],
      [198.51627281366564, 373.3702434937991]
    ],
    [
      [198.51627281366564, 373.3702434937991],
      [208.71676744905199, 371.5725246878087],
      [212.64614086891015, 373.1705071667625],
      [213.1621191967697, 380.2795504210517],
      [221.5368443643456, 379.28128416903155],
      [225.14869265936613, 371.01319222736583],
      [225.26776458118002, 370.7734721882143],
      [230.18940401615146, 370.57370268014256],
      [231.02290746884864, 369.65473004963224],
      [231.61826707791806, 368.97545467035025],
      [232.3723892494054, 373.53003071858984],
      [235.07135281051887, 372.7710268585224],
      [235.42856857596234, 371.81223247262324],
      [238.40536662130762, 371.81223247262324],
      [239.43732327702855, 368.1762693502842]
    ],
    [
      [239.43732327702855, 368.1762693502842],
      [239.43732327702855, 368.1762693502842]
    ],
    [
      [239.43732327702855, 368.1762693502842],
      [242.65226516600342, 369.4949032054933],
      [243.00948093144507, 372.6112318774226],
      [247.8914297258125, 373.76970849459076]
    ],
    [
      [247.8914297258125, 373.76970849459076],
      [248.28833613185816, 373.8496002703205],
      [247.25637947613905, 377.3644345269213],
      [250.07441495906642, 378.12321557645237],
      [250.4316307245099, 381.3576065086745],
      [252.3367814735284, 382.6352065492383],
      [253.88471645711252, 383.47357496622135],
      [256.9805864242717, 383.27396750644584],
      [258.05223372059663, 387.2257222418898],
      [258.64759332966605, 387.74456556715086],
      [258.64759332966605, 389.4606174066207],
      [258.6079026890602, 389.5005233559614],
      [258.6079026890602, 389.6202405951426],
      [256.0280110497606, 391.8946946634328],
      [256.70275194003807, 395.0863553236122],
      [255.43265144068937, 396.96115364224397],
      [256.38522681520044, 398.7559637917866],
      [255.27388887827328, 404.1391657532736],
      [253.36873812924932, 404.21890305300576],
      [252.53523467655396, 406.7702834772617],
      [251.50327802083302, 407.00945420349353],
      [250.7491558493457, 408.1255362536208],
      [251.38420609901914, 410.9552471791453]
    ],
    [
      [251.38420609901914, 410.9552471791453],
      [248.84400510032356, 410.79584034702157],
      [247.3754513979511, 412.7883099383457],
      [247.3357607573489, 412.7883099383457],
      [250.4713213651121, 413.704761435833],
      [249.55843663120504, 415.21878207302825],
      [252.57492531715798, 415.29846334606145],
      [257.65532731454914, 418.76420951149066],
      [254.599147987994, 422.06990233264514],
      [251.06668097418333, 421.23358757085816],
      [250.0347243184624, 422.7867083389133],
      [250.07441495906642, 422.7867083389133],
      [250.0347243184624, 422.7867083389133],
      [256.9805864242717, 427.08686215081525],
      [255.23419823766744, 432.7787870997572],
      [252.3367814735284, 434.88786224639307],
      [248.84400510032356, 433.37572364010157],
      [249.00276766274328, 429.95298221479334],
      [244.7955597586515, 427.2461046602116],
      [242.45381196297967, 427.6840132985817],
      [241.8187617133044, 429.8733747751553],
      [234.2378493578235, 429.1966953770134],
      [236.34145330986757, 432.69919386180754],
      [239.04041687098106, 431.9430381568932],
      [236.46052523168146, 434.88786224639307],
      [233.88063359238186, 434.01243116470596],
      [231.6976483591261, 437.5138654767884],
      [232.13424540577944, 441.09407848176033],
      [235.11104345112471, 442.24753064060815],
      [232.72960501484886, 451.3926347305792],
      [237.01619420014686, 452.98255085176106],
      [236.06361882563579, 457.8308145266724],
      [238.36567598070542, 459.9762962781092],
      [238.00846021526377, 460.6913926893235],
      [240.15175480791186, 461.64480468115016],
      [240.15175480791186, 461.6845289437101],
      [239.11979815219092, 464.1075218861365],
      [236.81774099712493, 463.4322985494432],
      [233.801252311172, 466.6889947382424],
      [230.86414490643074, 463.6706159314772],
      [228.04610942350337, 462.9953741021118],
      [228.48270647015306, 460.81057230610986],
      [226.89508084596855, 459.1022459857718],
      [222.4100384576468, 457.711612625872],
      [222.4100384576468, 457.711612625872],
      [222.0131320515993, 460.01602469806585],
      [220.78272219285645, 460.4530307829723],
      [220.62395963043855, 460.1352093638575],
      [218.75849952202225, 459.49954751505174],
      [217.1311832572319, 461.44618188396134],
      [209.19305513630934, 460.4530307829723],
      [207.16883246547332, 458.8638603141071],
      [208.83583937086587, 454.4530818688818],
      [207.68481079333105, 452.82356638767214],
      [209.23274577691154, 451.27338461688214],
      [202.68379007715157, 449.3255062025946],
      [202.12812110868435, 447.73522447657524],
      [202.08843046808215, 447.4569088190883],
      [203.99358121710247, 445.15067729229304],
      [207.32759502789122, 447.0990672418493],
      [208.51831424603006, 442.28730335831915],
      [210.8600620417019, 440.5372095095104],
      [206.414710293986, 439.58253152453517],
      [206.53378221579806, 437.15579973378726],
      [209.55027090174917, 437.9514904074276],
      [210.3043930732365, 436.16113024809374],
      [207.12914182486747, 434.80827960057786],
      [207.565738871519, 433.53490291959906],
      [210.06624922961055, 431.58484654057156],
      [210.22501179202663, 431.50524730361576],
      [213.00335663434998, 432.69919386180754],
      [213.08273791555985, 429.4355267023798],
      [211.9713999786327, 428.5996012993669],
      [214.15438521188662, 429.1966953770134],
      [216.17860788272083, 426.29062556370945],
      [213.876550727653, 424.49894670133017],
      [211.852328056817, 428.51998705396363],
      [208.83583937086587, 430.23160510171647],
      [207.605429512123, 429.67435442494343],
      [209.35181769872725, 427.405345567136],
      [208.71676744905199, 425.2156425999892],
      [202.8822432801735, 424.22022285818],
      [203.83481865468457, 421.3928890327152],
      [207.84357335575078, 418.80404125272526],
      [210.74099011988983, 419.08286062884235],
      [211.852328056817, 414.62115970122204],
      [213.08273791555985, 415.0594183200533],
      [214.987888664582, 412.46953171912855],
      [220.06829066197315, 412.8680034865233],
      [219.35385913108985, 416.33428329135495],
      [221.37808180192587, 416.33428329135495],
      [223.20385126973815, 416.33428329135495],
      [222.88632614490234, 415.53750475148263],
      [222.4100384576468, 414.2227322125118],
      [220.22705322439288, 408.5639754307376],
      [217.012111335418, 408.00595981538027],
      [218.16313991295283, 404.7371856581153],
      [212.96366599374596, 402.26522292648997],
      [214.31314777430453, 396.64205482838497],
      [209.07398321449364, 393.96934786188194],
      [207.2879043872872, 390.21881309289074],
      [205.42244427886908, 390.9370699593037],
      [205.0255378728234, 387.9840259293428],
      [202.16781174928838, 387.54501247300186],
      [200.26266100026805, 382.31581630594746],
      [197.96060384520024, 382.3557404424014],
      [197.40493487673484, 379.6805983064223],
      [196.92864718948113, 379.76045991197]
    ],
    [
      [322.35107150007934, 403.34177054225984],
      [322.4701434218932, 403.46138239891116],
      [322.19230893766144, 403.7006033856037],
      [321.7160212504059, 404.6175834942569]
    ],
    [
      [321.7160212504059, 404.6175834942569],
      [321.35880548496425, 404.5777159044128],
      [318.89798576747853, 406.3716575303979],
      [315.92118772213325, 406.0926133650305],
      [316.4371660499928, 409.0422588034371],
      [313.8572744106914, 410.0386358834662],
      [314.92892170701634, 413.2664651882087],
      [314.1747995355272, 415.33830383171926],
      [309.96759163143906, 416.1749308008807],
      [307.50677191395334, 419.3616750834208],
      [303.894923618931, 418.36588657415587],
      [300.2036940427024, 424.2600408508265],
      [296.27432062284424, 424.02113139101493],
      [295.9171048574026, 432.06243356245704],
      [297.70318368460903, 435.12660778658164],
      [287.3836171274106, 437.47408079343495],
      [284.60527228508545, 441.05430277450887],
      [282.5413589736454, 442.08843877343816],
      [281.3903303961124, 441.969118826878],
      [280.874352068251, 440.93497505471214],
      [281.5490929585303, 432.14202999956524],
      [279.64394220950817, 431.2266468240223],
      [277.1434318514184, 432.8185835687905],
      [275.5161155866281, 430.7888361686714],
      [269.9594259019814, 430.9480414436762],
      [270.8326199952826, 428.55979422671544],
      [274.48415893090896, 429.39572173168835],
      [276.03209391448763, 428.32094968850606],
      [269.086231808682, 424.06094988497534],
      [271.1104544795162, 421.11411042064447],
      [275.75425943025584, 422.50795430997096],
      [276.0717845550935, 419.6803141486057],
      [274.523849571513, 418.72437766980784],
      [274.8016840557448, 418.0472209909012],
      [273.2934397127701, 417.92771973936806],
      [272.65838946309486, 417.5692105586986],
      [272.3805549788631, 416.61314627911224],
      [271.9836485728174, 415.3781442168074],
      [271.86457665100534, 414.9000529577911],
      [269.1259224492842, 415.7367031571498],
      [265.4346928730538, 416.1749308008807],
      [262.81511059315017, 415.81638181551216],
      [261.66408201561535, 416.652983446676],
      [259.1635716575256, 416.93184080501715],
      [257.2187302678976, 416.0155767017459],
      [257.37749283031735, 413.46569226484553],
      [255.75017656552518, 412.23044382656735],
      [253.09090364501753, 411.6725579816257],
      [251.38420609901914, 410.9552471791453]
    ],
    [
      [247.8914297258125, 373.76970849459076],
      [248.80431445971954, 368.815620877142],
      [248.92338638153342, 368.0164273796081]
    ],
    [
      [248.92338638153342, 368.0164273796081],
      [248.92338638153342, 368.0164273796081]
    ],
    [
      [365.65356039971994, 406.45138352680397],
      [365.69325104032396, 406.4115205790413],
      [365.7726323215338, 406.5709717648024],
      [366.6061357742328, 408.24511178445437],
      [365.8520136027437, 410.11834332916123],
      [363.23243132284006, 409.28139504691944],
      [362.4386185107469, 412.2702920603547],
      [356.56440370126256, 420.1582606963643],
      [359.38243918418993, 422.4681319045685],
      [358.11233868484123, 426.5295007472173],
      [360.0571800744692, 428.9976665201848],
      [358.8664608563304, 431.06744434966186],
      [360.2159426368871, 433.7338747704516],
      [358.39017316907666, 437.15579973378726],
      [360.5731584023306, 437.8321393510646],
      [359.5808923872137, 442.52593757240766],
      [361.40666185502596, 444.7530173342252],
      [364.4231505409771, 445.8266763795541],
      [365.1772727124644, 444.31557988296163],
      [367.5984017893479, 446.10502058594557],
      [371.24994072497066, 452.46584553643197],
      [375.37776734785257, 455.00946358984584],
      [377.60044322171234, 456.04269235409674],
      [378.8308530804552, 453.4992393924863],
      [381.37105407914896, 454.25436939925794],
      [384.3875427651019, 459.6981945659122],
      [385.57826198324074, 459.30089798839344]
    ],
    [
      [385.57826198324074, 459.30089798839344],
      [384.2684708432862, 461.3667320723466],
      [384.07001764026427, 461.6845289437101],
      [379.34683140831476, 462.8762108121573],
      [377.60044322171234, 466.6889947382424],
      [375.73498311329604, 464.3855467191447],
      [372.6788037867391, 468.3170937049331],
      [372.0437535370638, 468.5553381676441],
      [371.05148752194873, 466.9669746070149],
      [368.19376139841734, 466.29187224335874],
      [367.1618047426946, 463.15425710397494],
      [367.0824234614847, 462.95565310437223],
      [365.69325104032396, 465.14016113393154],
      [366.64582641483685, 466.6492829332983],
      [363.82779093190766, 468.5950452325751],
      [362.7958342761867, 467.8008851759746],
      [365.455107196698, 465.14016113393154],
      [361.6051150580479, 464.0678036573727],
      [361.56542441744386, 464.0678036573727],
      [361.52573377684166, 465.4578828442459],
      [361.2875899332121, 468.3965089207268],
      [358.39017316907666, 470.1038405635345],
      [356.80254754489033, 467.5626294574563],
      [354.93708743647403, 468.5950452325751],
      [350.53142632936033, 464.46498149593435],
      [346.72112483131787, 463.4322985494432],
      [344.2603051138303, 469.6273942752873],
      [348.11029725248045, 470.8184833572759],
      [348.5468942991283, 472.3270687567956],
      [350.72987953238226, 471.53309419177504],
      [351.9602893911251, 475.6613314279721],
      [348.58658493973235, 477.3678874374673],
      [345.57009625378305, 474.113367360726],
      [343.3871110205291, 474.54998777988976],
      [342.31546372420235, 476.6138502500198],
      [340.84691002183354, 475.8597775260305],
      [337.9891838983003, 487.99999999999955],
      [337.195371086209, 487.52408605337996],
      [333.4247602287687, 485.1046384388246],
      [333.3850695881629, 485.1839703790365],
      [332.07527844821016, 487.6827256044694],
      [329.61445873072626, 487.88102283705894],
      [327.59023605989023, 484.54930386437536],
      [328.5825020750053, 483.2798954386258],
      [326.9551858102168, 481.6533189173201],
      [327.51085477868037, 481.5739694965255],
      [331.00363115188884, 481.29624342823854],
      [327.0742577320307, 478.6377645055313],
      [326.8361138884029, 476.5344758474398],
      [330.2891996210037, 465.9344535509149],
      [329.1381710434707, 464.34582918245223],
      [329.5747680901204, 461.8831487721968],
      [332.47218485425765, 462.32010368758847],
      [333.30568830695483, 460.2941208654479],
      [332.7103286978854, 452.3863509219332],
      [334.41702624388563, 452.5055926947657],
      [334.5360981656977, 449.2062405901129],
      [331.91651588579407, 448.5701422154789],
      [332.75001933848944, 439.7018694135718],
      [331.8371346045842, 438.1106237523177],
      [336.99691788318523, 416.77249434622763],
      [334.099501119048, 416.2147690743077],
      [334.45671688448965, 415.099259409164],
      [331.99589716700393, 414.62115970122204],
      [326.8361138884029, 410.11834332916123],
      [328.7015739968174, 407.68708487689037],
      [324.2959128897055, 406.85000745614025],
      [324.5737473739391, 405.09598669897014],
      [321.7160212504059, 404.6175834942569]
    ],
    [
      [405.8998699728054, 406.92973103154736],
      [405.4632729261557, 406.8101455171359],
      [405.58234484796776, 409.9987820094848],
      [406.177704457039, 409.8792197829903],
      [406.9318266285245, 409.7596566496395],
      [410.10707787689535, 409.2415392583048],
      [411.7343941416857, 409.56038274538287],
      [411.8931567041018, 409.9589280347459],
      [411.1787251732185, 412.07104988462515],
      [410.7421281265706, 412.6289216340615],
      [406.0586325352251, 413.4258470507966],
      [406.3364670194551, 415.7367031571498],
      [404.66946011406253, 417.05134959369934],
      [407.40811431578186, 418.80404125272526],
      [405.70141676978164, 423.2247404538807],
      [403.5184315365277, 421.4327141472795],
      [403.4787408959237, 421.4327141472795],
      [403.16121577108606, 422.4283093988447],
      [402.5261655214126, 424.3794942272234],
      [402.4864748808086, 424.49894670133017],
      [402.6055468026225, 424.49894670133017],
      [402.72461872443637, 424.65821526330865],
      [402.6452374432265, 424.65821526330865],
      [405.9395606134094, 428.55979422671544],
      [403.67719409894744, 431.2266468240223],
      [407.4478049563859, 432.4604117487752],
      [406.8921359879205, 433.8134628112848],
      [411.2977970950342, 438.7471411687188],
      [408.3209990496871, 441.17362959725006],
      [408.0034739248513, 441.4122805517163],
      [408.24161776847905, 442.7247966778755],
      [411.575631579266, 443.28158892498914],
      [411.61532221987, 443.6792857212722],
      [410.3055310799173, 446.7014560403836],
      [409.67048083024383, 448.01353526149023],
      [407.96378328424726, 446.9797849258284],
      [406.0189418946193, 448.13280982067545],
      [404.7885320358764, 446.22430946762915],
      [402.56585616201664, 447.5761875546832],
      [402.8833812868543, 452.8633126525856],
      [401.3751369438796, 454.6120500588436],
      [400.3431802881587, 455.56582587004004],
      [400.26379900694883, 455.60556528910365],
      [396.1756630246746, 453.85693701881064],
      [395.42154085318543, 453.30051501563594],
      [395.30246893137155, 453.4594947156015],
      [394.03236843202467, 455.6850438297329],
      [395.5009221343953, 458.58573919019454],
      [395.0246344471416, 458.58573919019454],
      [388.2772255443542, 458.4268106543059],
      [386.17362159231016, 458.3870782726649],
      [385.57826198324074, 459.30089798839344]
    ],
    [
      [198.51627281366564, 373.3702434937991],
      [199.3100856257588, 370.1741560029586],
      [199.11163242273506, 369.9344230931015],
      [195.30133092468895, 365.0590557760329],
      [202.24719303050006, 366.4978470616925],
      [202.6044087959417, 364.13975857676223],
      [197.7224600015743, 363.30035296878896],
      [197.84153192338636, 361.14167400973656],
      [197.44462551734068, 361.18165226100746],
      [195.38071220590064, 361.3415642413329],
      [195.02349644045717, 364.8192443353805],
      [187.0853683195346, 361.70136020263135],
      [187.44258408497626, 360.142184418788],
      [188.71268458432496, 356.2235671635649],
      [191.37195750483443, 353.5439451777511],
      [191.09412302060082, 350.54382117651767],
      [191.84824519208996, 350.1037543540133],
      [197.28586295492096, 347.4230784764891],
      [205.18430043524313, 347.94324574426355],
      [220.34612514620676, 338.6176062885993],
      [224.59302369090074, 340.53922602621606],
      [223.52137639457578, 336.65570736576],
      [226.61724636173494, 337.6567071976651],
      [226.8156995647587, 341.01959379908203],
      [228.1254907047114, 341.45991787032017],
      [228.48270647015306, 338.8978573169479],
      [227.01415276778243, 336.5355830457738],
      [228.2445626265253, 335.69468675905864],
      [233.96001487359172, 338.4974971558863],
      [235.62702177898427, 336.37541583886014],
      [241.10433018242293, 337.1762353380527],
      [240.86618633879698, 334.4132333166731],
      [242.61257452539758, 332.97147159657834],
      [241.8187617133044, 330.44806584807475],
      [244.0811282277682, 327.72392849701873],
      [246.2244228204181, 327.5236053665153],
      [246.97854499190726, 322.0337425538569],
      [248.84400510032356, 321.19205850951175],
      [248.84400510032356, 317.9050438302452],
      [253.28935684804128, 317.1834104356244]
    ],
    [
      [253.28935684804128, 317.1834104356244],
      [260.9893411253379, 321.5527858525579],
      [259.4810967823614, 327.68386407825574],
      [262.5372761089184, 328.92581286179256],
      [260.4336721568725, 332.61101021472086],
      [260.1955283132447, 333.0515729875783],
      [261.66408201561535, 334.4933272591579],
      [263.64861404584735, 336.415457795621],
      [265.4346928730538, 333.45207373425455],
      [265.7125273572874, 333.57222194069254]
    ],
    [
      [367.91592691418373, 66.5574122927519],
      [368.19376139841734, 70.10353179872982],
      [368.3128333202312, 69.9812660728694],
      [370.25767470985556, 67.7395473122915],
      [375.0999328636208, 67.61726189791534],
      [376.72724912841113, 70.0220214279334],
      [376.80663040961736, 70.18504171710265],
      [376.8463210502232, 70.18504171710265],
      [379.2277594865009, 69.81824352151125],
      [382.5220826566856, 72.95610983819188],
      [386.8483624825876, 71.08162096285469],
      [388.15815362254216, 74.9525849883139],
      [391.1349516678856, 73.81177525633211],
      [393.7545339477929, 75.76739487756004],
      [392.5241240890464, 77.39687919744483],
      [393.3973181823494, 78.53741080031978],
      [400.14472708513495, 71.44838760755738],
      [400.4622522099726, 74.91184330826036],
      [395.6993753374172, 78.37448312881406],
      [398.43802953913655, 80.53312835059114],
      [404.43131627043476, 78.25228619084555],
      [406.13801381643316, 79.14837349694608],
      [406.65399214429453, 75.72665545567634],
      [408.7972867369426, 73.28208349166744],
      [412.36944439135914, 80.61458046018925],
      [412.7266601568008, 80.81820876178426],
      [414.79057346824084, 82.20280650068526],
      [416.3385084518213, 83.22080999030095],
      [416.25912717061146, 82.97649557259228],
      [419.19623457535454, 84.52375175790075],
      [419.3153064971666, 84.64589663826791],
      [415.98129268637786, 90.42626291234137],
      [416.65603357665714, 93.80387843408698],
      [410.7818187671746, 98.15701332194203],
      [409.7895527520577, 102.06153777901545],
      [402.84369064624843, 112.5904785818957],
      [400.0653458039251, 115.5567426506559],
      [396.45349750890637, 115.5567426506559],
      [396.3344255870925, 116.32868659442374],
      [395.85813789983695, 120.35027053266094],
      [393.1194836981176, 123.23376547335829],
      [393.19886497932566, 123.27437407671277],
      [395.73906597802306, 124.45197524537616],
      [394.7071093223003, 125.42647108730762],
      [390.0633043715625, 126.27910248457556],
      [384.2684708432862, 131.92147661657964],
      [380.1803348610101, 131.67796513405574],
      [376.92570233143306, 133.70710563742978],
      [376.6875584878053, 140.52299119240706],
      [372.91694763036685, 143.4836835507208],
      [370.25767470985556, 148.99792593313487]
    ],
    [
      [370.25767470985556, 148.99792593313487],
      [366.96335153967266, 149.24115437679393],
      [365.93139488395354, 148.67361517261406],
      [364.97881950944065, 147.33575874613825],
      [362.99428747921047, 144.45693336852537],
      [362.99428747921047, 144.41638256168972],
      [362.67676235437466, 144.49748406502613],
      [358.3504825284708, 144.98408381808258],
      [358.3504825284708, 143.07814403268958],
      [356.40564113884466, 141.21252005886663]
    ],
    [
      [356.40564113884466, 141.21252005886663],
      [356.40564113884466, 141.21252005886663]
    ],
    [
      [356.40564113884466, 141.21252005886663],
      [356.1674972952169, 140.96916057468752],
      [355.3339938425179, 138.61648050469284],
      [353.3494618122877, 135.16791538451525],
      [351.84121746931305, 134.11290051415608],
      [349.7773041578712, 128.87729630340255],
      [349.3407071112215, 127.78123870646687],
      [349.30101647061747, 127.70004603775305],
      [349.4994696736412, 124.49258051596098],
      [351.9205987505211, 123.15254793329859],
      [350.96802337601, 122.13729117599905],
      [349.26132583001163, 121.04073584536673]
    ],
    [
      [349.26132583001163, 121.04073584536673],
      [349.816994798477, 117.34434105629862],
      [349.97575736089493, 115.51611290810797],
      [350.13451992331466, 115.51611290810797],
      [353.42884309349756, 116.08491916675393],
      [354.8973967958682, 112.71239154979139],
      [350.96802337601, 110.35522959913123],
      [351.0870952978257, 107.83508961023199],
      [352.873174125034, 106.16830961253345],
      [357.7154322787974, 105.59912220361821],
      [360.2159426368871, 108.24159283197969],
      [361.80356826107345, 105.27386241984186],
      [361.4860431362358, 104.82661853535956],
      [357.95357612242515, 103.48480570508309],
      [358.07264804423903, 99.25526514394642],
      [358.7076982939125, 97.79091123029866],
      [358.94584213754024, 97.14004065349673],
      [359.144295340564, 96.6111871811172],
      [362.2004746671173, 95.47205380815194],
      [362.51799979195675, 93.5190491551175],
      [365.53448847790787, 92.78660575710546],
      [363.94686285372336, 91.32160984195252],
      [363.430884525862, 89.0017352749428],
      [361.8829495422815, 86.23368791242319],
      [361.68449633925775, 86.31510849273036],
      [361.80356826107345, 86.15226688211715],
      [362.0417121047012, 85.82657826067953],
      [362.83552491679256, 84.64589663826791],
      [363.98655349432556, 85.25660584548132],
      [364.7803663064187, 82.73217710050903],
      [362.8752155573966, 75.07480935093827],
      [362.5973810731648, 73.97475349676824],
      [363.1927406822342, 71.57064112074204],
      [366.96335153967266, 67.5764998667255],
      [367.91592691418373, 66.5574122927519]
    ],
    [
      [356.40564113884466, 141.21252005886663],
      [356.2071879358209, 141.00972076484595],
      [356.088116014007, 141.8614592454196],
      [353.6272962965213, 147.17358617554328],
      [353.4685337341016, 147.3763016132325],
      [347.792772127641, 148.10605437486583],
      [345.17318984773556, 146.72760251240106],
      [343.74432678597077, 147.94389018019638],
      [338.6639247885796, 146.20051371238878],
      [334.2185730408619, 150.21402850058757],
      [335.05207649355907, 152.8891053641255],
      [331.87682524518823, 151.10577406242373],
      [330.5273434646315, 152.84857747308342],
      [327.828379903518, 151.99746634494613],
      [325.3675601860323, 157.91371171205856],
      [322.35107150007934, 158.3998742728304],
      [319.1758202517103, 154.67222367634258],
      [317.78664783054955, 155.88786411048295],
      [316.1196409251552, 154.7127466181878],
      [314.25418081673706, 157.99473990374418],
      [308.97532561632397, 159.97979340124039],
      [306.67326846125434, 158.60243733935022],
      [306.43512461762657, 158.4403871057516],
      [306.07790885218674, 159.08857749934532],
      [305.72069308674327, 159.37215195840872]
    ],
    [
      [305.72069308674327, 159.37215195840872],
      [301.4737945420493, 155.8473443565158],
      [299.7670969960509, 151.59215827492517],
      [296.71091766949394, 153.172797521107],
      [287.3439264868048, 151.95693603318477],
      [284.44650972266754, 154.5101308094563],
      [283.8114594729941, 153.57806268080049],
      [278.6913668349989, 155.60422352463547],
      [271.427979604352, 153.05121582817492],
      [274.1269431654655, 146.605968289246],
      [271.5867421667699, 143.97031640449813],
      [270.19756974560914, 145.4301196376946],
      [267.93520323114535, 144.13252382457313],
      [267.10169977845, 140.76635796698474],
      [268.37180027779686, 138.94101020275002],
      [265.67283671668156, 135.3707942816759],
      [271.66612344797977, 125.22345639506239],
      [271.62643280737393, 125.14224974088302]
    ],
    [
      [271.62643280737393, 125.14224974088302],
      [273.61096483760593, 125.46707369264732],
      [276.46869096113915, 126.0760994496668],
      [277.3815756950462, 129.202038581735],
      [281.8666180833661, 128.5931409873283],
      [285.8356821438283, 124.73620980704527]
    ],
    [
      [285.8356821438283, 124.73620980704527],
      [288.73309890796554, 127.41586820226075],
      [288.1377392988961, 129.202038581735],
      [290.87639350061545, 128.79610962479092],
      [294.56762307684585, 124.57379072391541],
      [293.41659449931103, 123.19315675888356],
      [294.6470043580557, 120.79704587549168],
      [293.85319154596436, 118.0349463422117]
    ],
    [
      [293.85319154596436, 118.0349463422117],
      [294.3294792332181, 117.5068393121337],
      [294.3294792332181, 117.4662149151718],
      [294.40886051442794, 117.42559040688047]
    ],
    [
      [294.40886051442794, 117.42559040688047],
      [294.9248388422875, 117.1005903324558],
      [299.25111866819134, 112.87494061254802],
      [299.68771571484103, 111.94025913551923],
      [300.2036940427024, 111.89961947212214],
      [310.0866635532511, 111.1680864564114],
      [312.8650083955745, 107.71313646581893],
      [317.07221629966625, 107.26596633549161],
      [317.8263384711536, 102.26487015988641],
      [317.8660291117576, 102.2242039075154],
      [317.8660291117576, 102.18353754324289],
      [317.94541039296746, 102.2242039075154],
      [320.4062301104532, 103.07817171066199],
      [321.4381867661741, 101.69553244323652],
      [323.62117199942804, 103.4034798010698],
      [322.5495247031031, 105.11122984513986],
      [326.5582794041693, 108.11964303811055],
      [325.6850853108681, 110.11136383800476],
      [328.2649769501695, 111.49321670327572],
      [331.0830124330969, 109.13586061233491],
      [335.72681738383835, 110.96487642627926],
      [333.14692574453693, 113.97210012740652],
      [333.14692574453693, 114.25653562544267],
      [335.8458893056504, 117.1005903324558],
      [339.61650016308886, 114.78475849076403],
      [349.26132583001163, 121.04073584536673]
    ],
    [
      [305.72069308674327, 159.37215195840872],
      [305.83976500855715, 159.4531722444226],
      [302.42636991656036, 165.64992338954744],
      [303.6170891346992, 168.7270945577293],
      [299.68771571484103, 175.00094580527093],
      [301.51348518265513, 177.26698210751238],
      [300.4815285269324, 184.66968020601325],
      [303.4583265722813, 185.68069456398234],
      [302.26760735414064, 189.76450047537037],
      [299.68771571484103, 188.30901369432786],
      [296.15524870103036, 189.2389242743975],
      [289.28876787643094, 195.74668964296188],
      [284.0892939572277, 195.42338883412367],
      [281.03311463067075, 197.88838224925576],
      [278.6913668349989, 197.68634878340208],
      [282.30321513001945, 201.28213957783646],
      [279.76301413132205, 204.23085603762092],
      [279.2470358034625, 209.35944194640888],
      [276.7862160859768, 211.8221593795265],
      [276.23054711750956, 212.42768414702095]
    ],
    [
      [276.23054711750956, 212.42768414702095],
      [275.63518750844014, 211.98363502332086],
      [274.0078712436534, 208.79417145371144],
      [273.88879932183954, 208.55190619381347]
    ],
    [
      [273.88879932183954, 208.55190619381347],
      [273.88879932183954, 208.55190619381347]
    ],
    [
      [273.88879932183954, 208.55190619381347],
      [273.33313035337414, 208.35001550812376],
      [270.91200127649245, 207.6231866874059],
      [270.6738574328647, 207.5424257696627],
      [267.93520323114535, 210.48991946799697],
      [266.78417465361053, 208.10774312209196],
      [259.83831254780307, 210.6514093506221],
      [259.4810967823614, 210.69178155154214],
      [256.22646425278253, 206.5732610558589],
      [257.4568741115272, 204.55396800367907],
      [256.4646080964103, 202.89794602198845],
      [249.55843663120504, 201.4033310669597],
      [248.6455518972998, 203.18069435227153],
      [249.99503367785655, 206.2501923230957],
      [246.38318538283784, 207.25975915534264],
      [245.90689769558048, 205.88673173270035],
      [245.7481351331644, 204.02890754478312],
      [245.11308488348914, 203.50382881132464],
      [241.8187617133044, 200.91855926566495],
      [241.26309274484083, 196.9994147339894],
      [236.02392818503176, 193.76636323575667],
      [237.17495676256476, 190.29005831342556],
      [235.82547498200802, 187.9855530569571],
      [232.72960501484886, 186.57033094539383],
      [234.71413704507904, 182.00027538320774],
      [234.27753999842753, 179.41130842298162],
      [236.57959715349534, 177.8334377061883],
      [236.38114395047342, 175.36515329976328],
      [239.0801075115869, 170.67024537909174],
      [239.31825135521285, 167.22907706246133],
      [238.68320110554123, 166.82418174321356],
      [238.5244385431215, 164.9615222150278],
      [238.7625823867511, 164.11110057467022],
      [238.8022730273551, 164.0301055168993]
    ],
    [
      [238.8022730273551, 164.0301055168993],
      [238.8022730273551, 164.07060310058614],
      [239.51670455823842, 164.3135863011189],
      [239.71515776126034, 163.0176302996997],
      [240.11206416730784, 162.57211949661132],
      [241.26309274484083, 162.1670981616553],
      [242.61257452539758, 161.76206585946966],
      [242.65226516600342, 161.7215620259958],
      [242.77133708781548, 160.46588877525846],
      [242.9300996502352, 158.68346179731816],
      [242.9300996502352, 158.60243733935022],
      [238.28629469949556, 156.2930556056731],
      [236.02392818503176, 157.1439219783697],
      [234.99197152931083, 156.13098032635025],
      [235.26980601354262, 151.91640561137456],
      [233.2058927021044, 151.06524132922004],
      [237.61155380921628, 143.84865968081976],
      [238.16722277768167, 139.2249678855901],
      [241.14402082302695, 137.6022795953004],
      [238.56412918372735, 136.5880095723246],
      [238.6435104649354, 135.2490672753852],
      [243.80329374353641, 126.64450095438951],
      [241.8187617133044, 124.16773524125347],
      [239.04041687098106, 123.4774154268016],
      [240.0723735267038, 120.91889136083955],
      [237.84969765284222, 116.49119598538437],
      [241.34247402604888, 118.23805942159197],
      [243.84298438414226, 121.73116902197216],
      [247.97081100702235, 124.04591643044296],
      [249.39967406878895, 122.82767332818366],
      [252.69399723897186, 125.71068699305306],
      [255.5914140031091, 124.85802295325357],
      [257.69501795515316, 121.93423148853981],
      [254.20224158194833, 119.25358308400337],
      [256.42491745580446, 117.95370033130348],
      [257.93316179878093, 121.97484364835509],
      [262.854801233756, 122.46218089586182],
      [261.70377265621937, 119.70039146375711],
      [264.1645923737069, 118.1974370283242],
      [261.1877943283598, 114.37843488138333],
      [265.47438351365963, 111.1680864564114],
      [265.5934554354735, 111.1680864564114],
      [268.1336564341691, 115.0691783871107],
      [266.5460308099846, 117.34434105629862],
      [266.5857214505886, 117.42559040688047],
      [266.78417465361053, 117.79120697372491],
      [267.8558219499355, 120.02533455774483],
      [268.0145845123552, 120.02533455774483],
      [270.63416679225884, 120.55335190217647],
      [270.9913825577023, 124.33015876720583],
      [271.03107319830633, 124.8986271132153],
      [271.50736088556187, 124.97983509996993],
      [271.62643280737393, 125.14224974088302]
    ],
    [
      [120.28602018195852, 205.92711667499043],
      [120.4050921037724, 207.4212835830158],
      [119.2540635262394, 209.8035682060622],
      [120.20663890075048, 211.21661034611452],
      [116.51540932452008, 213.4368381821073],
      [118.30148815172834, 215.77781613310935],
      [117.42829405842531, 218.76405511677558],
      [120.04787633833075, 223.88771392784793],
      [118.02365366749655, 226.34806784339844],
      [111.47469796773294, 226.95301172013706],
      [109.52985657810677, 230.09833082620298],
      [110.52212259322187, 232.75924532790987],
      [112.62572654526593, 233.36393355428936],
      [113.61799256038285, 234.7747790773451],
      [114.92778370033557, 236.62883384001725],
      [115.32469010638124, 237.15276481872752],
      [114.2530428100581, 239.08712268765203],
      [114.17366152884642, 239.16771558830442],
      [114.17366152884642, 239.2080118783506],
      [110.28397874959592, 240.81977587808433],
      [112.22882013922026, 245.0901243670528],
      [112.2685107798261, 245.13040496572057],
      [112.07005757680236, 250.6881054759715]
    ],
    [
      [112.07005757680236, 250.6881054759715],
      [111.91129501438263, 255.07645045821073],
      [108.22006543815405, 254.39211283646773],
      [105.36233931462084, 249.39954398170812],
      [102.82213831592708, 250.80890252751124],
      [103.57626048741258, 251.93629548985245],
      [102.06801614443793, 253.02334542349172],
      [97.06699542825663, 253.62722855126276],
      [96.47163581918721, 256.1632764974124],
      [91.5896870248198, 255.39848106399177],
      [87.42216976133386, 246.7415414863699],
      [83.4927963414757, 246.70126515200855],
      [80.75414213975819, 249.0371164177477],
      [75.87219334538895, 247.54704579437157],
      [74.20518643999458, 244.4456202847673],
      [75.83250270478493, 241.66588357149885],
      [73.0938485030656, 238.72444934521081],
      [72.89539530004186, 235.4196933660587],
      [61.50418144651667, 229.21125559418942],
      [57.5748080266585, 230.1789714565075],
      [53.327909481964525, 235.50030572623155],
      [50.03358631178162, 236.54822746997297],
      [47.01709762582868, 236.58853070846908],
      [44.47689662713492, 234.25076604628157],
      [36.49907786560652, 233.92828749829596],
      [36.02279017835099, 239.7721487203239],
      [28.838784228913937, 240.57802217323342],
      [29.315071916169472, 234.97631773511603],
      [26.060439386590588, 231.4691632439053],
      [24.59188568421996, 226.71103706672466],
      [20.702202904967635, 226.10608353190764],
      [20.940346748595402, 221.30592936105495],
      [21.337253154639257, 220.2973001895175],
      [26.933633479891796, 221.02351996666312],
      [29.076928072541705, 214.68809562685055],
      [31.77589163365701, 211.4992029151158],
      [31.934654196074916, 210.2073080193095],
      [25.703223621148936, 205.2405579582146],
      [26.536727073844304, 195.8275137607725],
      [27.806827573193004, 194.00886617779497],
      [27.0527054017075, 191.74535344178275],
      [31.021769462167867, 177.1455959826294],
      [27.290849245333447, 174.92000960534278],
      [25.82229554296282, 177.71205616381576],
      [24.075907356358584, 176.61957809246314],
      [20.384677780128186, 178.8853699489514],
      [13.359434393112679, 178.19757644233823],
      [12.843456065253122, 175.93168071270884],
      [12.684693502833397, 174.0701531315217],
      [13.99448464278612, 167.75542460962515],
      [16.971282688131396, 165.04251223189613],
      [21.019728029803446, 163.9086121082114],
      [23.877454153336657, 159.5341920913488],
      [21.615087638872865, 154.7937921720345],
      [17.249117172365004, 153.78069113593847],
      [19.392411765013094, 148.8357714341969],
      [20.067152655292375, 147.61955650123855],
      [28.521259104076307, 153.172797521107],
      [35.98309953774515, 154.14541542642974],
      [35.03052416323408, 153.29437822399723],
      [35.66557441290752, 151.0247084859402],
      [35.66557441290752, 151.0247084859402],
      [39.59494783276568, 148.51145714829227],
      [42.6114365187168, 143.76755464661983],
      [42.80988972174055, 143.4836835507208],
      [46.02483161071359, 145.7950481092421],
      [52.25626218563957, 144.2136268725676],
      [56.423779449125504, 141.13140067261384],
      [56.50316073033537, 141.17196042096066],
      [58.09078635451988, 142.14536125006452],
      [57.654189307866545, 144.37583164453372],
      [59.91655582233216, 144.33528061703873],
      [62.13923169619193, 146.5654233277005],
      [66.38613024088409, 144.94353444539047],
      [68.37066227111609, 147.17358617554328],
      [67.69592138083681, 148.7952325340525],
      [71.3871509570672, 147.45738701676237],
      [74.3639490024143, 154.06436635391765],
      [78.17425050045676, 155.88786411048295],
      [80.55568893673444, 159.89877596909582],
      [83.85001210691735, 160.0608103943705],
      [87.02526335528637, 157.224954344058],
      [90.00206140063347, 158.4403871057516],
      [92.22473727449324, 152.68646480871894],
      [93.05824072719042, 152.8891053641255],
      [93.49483777384012, 153.0106883771814],
      [93.77267225807373, 153.0917431691596],
      [93.85205353928359, 153.33490490495797],
      [95.83658556951377, 158.19730846102448],
      [92.62164368053709, 161.88357670177356],
      [96.35256389737333, 165.20449095085087],
      [96.39225453797735, 165.24498535668454],
      [94.12988802351356, 166.743201365407],
      [94.01081610169967, 168.92951786253707],
      [98.49585849002142, 168.8890334204275],
      [100.55977180146328, 173.62497099247003],
      [102.58399447229749, 172.28934525205477],
      [101.59172845718058, 169.77966587249102],
      [102.42523190987959, 166.1358345693434],
      [102.4649225504836, 166.09534257345103],
      [102.74275703471721, 165.85238829799528],
      [105.75924572066651, 163.34162982366615],
      [105.67986443945847, 163.58462486218468],
      [108.29944671936391, 165.12350181049896],
      [108.02161223513212, 170.9940793485307],
      [110.32366939019812, 171.60124917953135],
      [112.18912949861624, 177.1455959826294],
      [112.2685107798261, 177.38836725035299],
      [110.32366939019812, 180.6249422705473],
      [108.10099351634199, 179.41130842298162],
      [107.7040871102945, 179.937228469797],
      [107.06903686062105, 181.4339770037309],
      [107.78346839150436, 186.8129499117681],
      [102.82213831592708, 189.92621253504922],
      [105.32264867401682, 192.14957711136367],
      [104.7272890649474, 195.66586509140006],
      [111.51438860833696, 199.42374807429178],
      [109.7283097811287, 202.85755297068954],
      [111.91129501438263, 206.04827085346915],
      [111.51438860833696, 208.55190619381347],
      [116.43602804331204, 207.38090263811137],
      [117.46798469902933, 205.64441980955917],
      [120.28602018195852, 205.92711667499043]
    ],
    [
      [120.28602018195852, 205.92711667499043],
      [120.28602018195852, 205.92711667499043]
    ],
    [
      [370.25767470985556, 148.99792593313487],
      [370.21798406925154, 149.07900252164245],
      [370.0195308662296, 149.48437885504427],
      [364.97881950944065, 153.8617417481073],
      [367.0824234614847, 159.65572103847308],
      [363.98655349432556, 163.0986308385077],
      [363.3118126040499, 169.2533894603239],
      [362.67676235437466, 170.14400025096165],
      [359.8587268714473, 174.19156414819145],
      [356.68347562307645, 174.92000960534278],
      [356.52471306065854, 175.89121517854437],
      [356.52471306065854, 176.09354175772478],
      [356.40564113884466, 176.66004166188577],
      [358.9061514969344, 179.2090265754191],
      [358.07264804423903, 181.59577871979218],
      [358.3504825284708, 181.8789275281365],
      [358.27110124726096, 182.20251962951397],
      [360.81130224595654, 185.5189368371748],
      [360.25563327749296, 186.69164091804214],
      [360.4540864805167, 186.7320773580518],
      [360.2159426368871, 186.97469371403804],
      [359.34274854358773, 187.8642535240774],
      [358.1520293254471, 192.5942106082707],
      [357.9138854818193, 193.64511029988216],
      [354.6195623116364, 195.0596671278222],
      [355.0561593582879, 200.27217261609758],
      [352.1587425941507, 201.6053147175935],
      [357.3185258727499, 205.96750150920798],
      [354.8973967958682, 207.70394717313866],
      [353.38915245289354, 211.57994267835147],
      [357.95357612242515, 217.0692350627951],
      [357.95357612242515, 217.10959012775675],
      [357.95357612242515, 217.14994508506334]
    ],
    [
      [357.95357612242515, 217.14994508506334],
      [357.83450420060944, 217.23065467671722],
      [356.4453317794487, 218.96580676435633],
      [349.6582322360591, 223.6456903197154],
      [349.3803977518255, 223.52467706554125],
      [347.11803123736354, 222.43551426749764],
      [347.15772187796756, 219.85348206264825],
      [345.72885881620095, 222.03210075980678],
      [341.83917603694863, 222.87925671423955],
      [331.4402281985367, 217.43242677198668],
      [329.852602574354, 217.4727808681023],
      [328.78095527802907, 219.6920904263202],
      [325.3675601860323, 216.01996558188603],
      [322.0732370158494, 216.34282548271221],
      [317.19128822148014, 212.71025406892068]
    ],
    [
      [317.19128822148014, 212.71025406892068],
      [317.19128822148014, 212.71025406892068]
    ],
    [
      [317.19128822148014, 212.71025406892068],
      [313.81758377008737, 219.6517422483389],
      [313.6985118482735, 219.9341772354751],
      [311.63459853683344, 218.64300283709326],
      [309.7294477878095, 220.37799299633662]
    ],
    [
      [309.7294477878095, 220.37799299633662],
      [309.96759163143906, 219.9341772354751],
      [308.93563497571995, 219.49034846077166],
      [308.0624408824169, 219.0868564618445],
      [306.67326846125434, 220.13591328539724],
      [302.78358568200383, 216.827102412175],
      [302.4660605571644, 216.54460942096875],
      [299.9258595584706, 218.0377269119681],
      [295.95679549800843, 216.14103885237],
      [293.13876001508106, 219.40965092158194],
      [289.88412748550036, 217.75525652701708],
      [289.84443684489634, 217.71490318436463],
      [286.7882575183394, 220.09556629050985],
      [279.88208605313594, 220.37799299633662],
      [279.3661077252764, 219.36930199063136],
      [279.3661077252764, 217.67454973407985],
      [275.9924032738836, 212.62952034462432],
      [276.23054711750956, 212.42768414702095]
    ],
    [
      [309.7294477878095, 220.37799299633662],
      [305.879455649163, 227.88054544422403],
      [307.10986550790585, 228.7676985197486],
      [306.3160526958127, 231.50947996933064],
      [296.1155580604245, 234.33138461293674],
      [295.361435888939, 234.69416286516343],
      [295.12329204531306, 238.9662325352524],
      [292.97999745266134, 242.47165664990098],
      [294.2500979520082, 243.88165681421196],
      [293.8135009053585, 244.64703074337012],
      [294.0516447489863, 245.25124612189575],
      [298.85421226214567, 247.58731989091712]
    ],
    [
      [298.85421226214567, 247.58731989091712],
      [299.0923561057716, 249.9230352364657],
      [295.95679549800843, 249.68142612401516],
      [295.7980329355887, 249.68142612401516],
      [290.241343250942, 246.29849594626057],
      [288.4949550643396, 247.62759388091717],
      [283.77176883238826, 247.50677159127827],
      [282.8985747390889, 251.1310233154686],
      [284.72434420689933, 255.63999955520285],
      [283.6130062699722, 258.2562047591741],
      [280.2789924591816, 257.4915142633158],
      [279.1279638816486, 254.8349230403487],
      [272.539317541281, 253.90903249000166],
      [275.2779717430021, 262.8033094619159],
      [277.4212663356502, 265.0562401771467],
      [274.48415893090896, 268.95785223128723],
      [272.93622394732665, 275.5923294158447]
    ],
    [
      [272.93622394732665, 275.5923294158447],
      [272.61869882249084, 275.99432653404256],
      [272.3805549788631, 276.959076568357],
      [268.53056284021477, 281.05858660855665],
      [263.212016999194, 278.04434773143294],
      [260.1955283132447, 279.5314463347213],
      [256.38522681520044, 276.9188798634782],
      [250.0347243184624, 276.5169070126908],
      [250.07441495906642, 276.43651117656736]
    ],
    [
      [250.07441495906642, 276.43651117656736],
      [252.21770955171633, 272.01408996392365],
      [252.17801891111048, 271.97388027332227],
      [252.21770955171633, 271.8934605751224],
      [250.55070264632195, 270.4458337195142],
      [249.87596175604267, 261.31458360337547],
      [247.3357607573489, 258.2562047591741],
      [240.1914454485177, 256.76703527519385],
      [240.5089705733535, 253.78826001133484],
      [238.32598534009958, 252.37917704566462],
      [235.15073409172874, 246.7415414863699],
      [238.0878414964718, 241.78675225539428],
      [233.96001487359172, 238.60355630748882],
      [237.73062573103016, 235.0569324491821],
      [237.2543380437728, 230.38057115666015],
      [235.74609370079816, 228.24347797637938],
      [235.70640306019413, 228.203152568492],
      [231.30074195308043, 226.75136644388158],
      [231.2213606718742, 226.87235393153242],
      [228.00641878289753, 231.22726064153267],
      [225.50590842480597, 228.84834622557355],
      [225.46621778420194, 228.8080224262717],
      [225.30745522178404, 228.84834622557355],
      [222.76725422308846, 228.48542817151838],
      [221.02086603648422, 223.96838760460878],
      [220.86210347406632, 223.6053526757437],
      [220.86210347406632, 223.56501492435245],
      [220.78272219285645, 223.6053526757437],
      [215.1466512269999, 225.70276775973753],
      [214.23376649309466, 226.06575243768884],
      [213.20180983737373, 223.96838760460878],
      [210.34408371384234, 222.71789732884918],
      [212.64614086891015, 217.71490318436463],
      [202.16781174928838, 214.970623299002],
      [205.77966004431255, 207.5424257696627],
      [206.13687580975056, 206.77517550247467],
      [205.97811324733448, 206.5732610558589],
      [206.1765664503564, 205.48287636599616]
    ],
    [
      [206.1765664503564, 205.48287636599616],
      [206.21625709096043, 205.4424902349092],
      [205.85904132551877, 201.1609471146071],
      [204.19203442012622, 200.83776245005674],
      [205.22399107584533, 195.86792565702262],
      [203.23945904561515, 193.68552805368518],
      [204.54925018556787, 189.40064198455502],
      [202.24719303050006, 187.25774118085565],
      [204.0332718577065, 180.54403639959946]
    ],
    [
      [204.0332718577065, 180.54403639959946],
      [208.83583937086587, 180.9081093856962],
      [214.27345713369868, 176.57911441390024],
      [215.54355763304739, 178.35941304444532],
      [216.1389172421168, 178.19757644233823],
      [216.89303941360413, 177.99527823536073],
      [217.17087389783592, 177.91435818895798],
      [217.48839902267355, 177.1860581333749],
      [219.51262169350957, 174.2725042798238],
      [221.61622564555546, 172.81551505265315],
      [221.8146788485774, 170.9940793485307],
      [223.4023044727619, 168.68660956848225],
      [223.6801389569955, 168.44369733488384],
      [225.9821961120615, 170.4678455940857],
      [226.41879315871302, 171.11551528281325],
      [226.57755572113274, 170.95360048508383],
      [229.79249761010578, 167.10760961635333],
      [233.44403654573034, 167.31005481243665],
      [233.9203242329877, 166.66222054958598],
      [236.57959715349534, 163.2606306004791],
      [236.73835971591507, 163.34162982366615],
      [238.8022730273551, 164.0301055168993]
    ],
    [
      [120.28602018195852, 205.92711667499043],
      [120.4050921037724, 205.7251908828871],
      [122.50869605581829, 201.76689969009158],
      [118.57932263596012, 198.65608471537598],
      [118.5396319953561, 198.6156802974824],
      [119.2540635262394, 196.43368081985045],
      [119.37313544805147, 196.1508058947784],
      [119.37313544805147, 196.1508058947784],
      [122.23086157158468, 194.89801021618496],
      [123.73910591455933, 190.53261727694598],
      [124.21539360181669, 188.9559140975657],
      [124.25508424241889, 188.99634444886942],
      [127.70816997502152, 190.53261727694598],
      [125.84270986660522, 185.55937643209063],
      [129.3751768804177, 182.97102293009493],
      [131.9153778791133, 182.97102293009493],
      [131.39939955125192, 180.46313009267215],
      [131.39939955125192, 180.4226767757118],
      [133.54269414390365, 179.12811307309812],
      [134.61434144022678, 174.83907296860707],
      [134.73341336204066, 174.47485269746994],
      [135.0906291274805, 174.35344397455037],
      [139.9328872812457, 172.65361861965403],
      [140.7663907339429, 169.2533894603239],
      [140.88546265575678, 168.8080642079335],
      [148.14884988640188, 173.5035553876578],
      [148.30761244881978, 173.62497099247003],
      [148.34730308942562, 173.62497099247003],
      [148.9029720578892, 176.21493639531172],
      [150.84781344751718, 173.98921190757892],
      [153.98337405528218, 174.4343832323857],
      [156.28543121035, 179.04719913458712],
      [159.5797543805329, 177.1860581333749],
      [162.11995537922667, 177.79297730115923],
      [162.2787179416464, 177.71205616381576],
      [163.46943715978523, 174.11062357964647],
      [164.34263125308644, 173.82732814884776],
      [164.77922829973795, 173.705914182759],
      [164.93799086215586, 173.6654426422383],
      [167.16066673601563, 173.58449923345052],
      [168.94674556322207, 173.5035553876578],
      [168.9864362038279, 173.5035553876578],
      [172.04261553038305, 176.86235787196256],
      [172.36014065521886, 176.9028207865813],
      [174.58281652907863, 167.9578610477688],
      [179.18693083921426, 169.2129058935543],
      [179.2266214798201, 169.1724222173725],
      [179.26631212042412, 169.2129058935543],
      [182.16372888456135, 166.66222054958598],
      [182.20341952516537, 166.62172997741754],
      [186.3709367886513, 169.05097053233703],
      [186.92660575711488, 169.33435626563232],
      [188.4745407406972, 168.40321157958397],
      [189.46680675581229, 168.11980822801797],
      [189.70495059943823, 170.8321632386328],
      [193.55494273808836, 175.00094580527093],
      [193.99153978473987, 177.5502125799262],
      [197.7224600015743, 178.03573809492764],
      [198.71472601668756, 176.86235787196256],
      [202.92193392077752, 180.34176981479004],
      [203.8745092952886, 180.4226767757118],
      [204.0332718577065, 180.54403639959946]
    ],
    [
      [206.1765664503564, 205.48287636599616],
      [203.0013152019892, 203.26147861599338],
      [202.6044087959417, 202.81715981121306],
      [202.52502751473185, 202.93833896511296],
      [200.0245171566403, 206.77517550247467],
      [197.16679103310707, 206.20980824528033],
      [197.12710039250487, 209.39981760058618],
      [194.86473387804108, 209.19793825030092],
      [194.22968362836582, 206.49249452094],
      [192.44360480115938, 207.30014042427638],
      [191.96731711390385, 210.97438393717812],
      [190.0621663648817, 213.3561083387658],
      [185.57712397655814, 211.62031239818134],
      [179.9410530107034, 213.8404809316803],
      [178.63126187075068, 217.79560976203675],
      [182.40187272818912, 224.1700699169428],
      [181.21115351005028, 227.51760422377856],
      [176.84518304354424, 230.29993159812466],
      [175.01941357573014, 229.00964035050356],
      [175.89260766903135, 227.1546543139698],
      [173.23333474852188, 225.21877466383648],
      [162.91376819131983, 227.275638582792],
      [160.9689268016955, 229.29190094115256],
      [160.8895455204838, 234.00890777752238],
      [158.30965388118602, 235.62122346410524],
      [159.54006373992706, 238.03937607959097],
      [157.63491299090674, 239.16771558830442],
      [156.5632656945818, 236.1048847876691],
      [156.40450313216388, 236.1048847876691],
      [149.7761661511904, 235.3390805779327],
      [148.0297779645898, 230.05801035027753],
      [145.64833952831214, 230.50152969068267],
      [145.4498863252884, 230.62248726019334],
      [143.98133262291776, 231.4691632439053],
      [142.79061340477892, 232.1948479117359],
      [142.39370699873143, 233.00112350948757],
      [142.1952537957095, 233.48486830869842],
      [141.67927546784813, 234.7344710247612],
      [142.51277892054713, 235.90336110819317],
      [139.37721831278213, 236.74974259300188],
      [137.9483552510137, 234.25076604628157],
      [136.51949218924892, 234.45231166021267],
      [134.97155720566843, 237.79757813998413],
      [132.98702517543643, 238.44236409429095],
      [132.70919069120464, 242.02848674077995],
      [127.3509542095835, 243.39824291161494],
      [127.1128103659521, 243.4788129622998],
      [125.88240050720924, 247.18457413061105]
    ],
    [
      [125.88240050720924, 247.18457413061105],
      [122.90560246186396, 246.21794082603583],
      [120.8019985098199, 248.43305130832277],
      [118.38086943293638, 248.63440900745445],
      [117.8252004644728, 252.29865408384285],
      [112.78448910768384, 252.0973448176751],
      [112.07005757680236, 250.6881054759715]
    ],
    [
      [250.07441495906642, 276.43651117656736],
      [250.0347243184624, 276.43651117656736],
      [247.65328588218654, 279.77258386202266],
      [242.69195580660744, 280.254847535482],
      [242.89040900963118, 288.6518419898798]
    ],
    [
      [242.89040900963118, 288.6518419898798],
      [242.89040900963118, 288.6518419898798]
    ],
    [
      [242.89040900963118, 288.6518419898798],
      [242.65226516600342, 288.8928362020861],
      [240.6677331357714, 290.9009742555136],
      [240.4692799327495, 290.78049337544417]
    ],
    [
      [240.4692799327495, 290.78049337544417],
      [238.12753213707583, 289.29448481813233],
      [237.8100070122382, 288.81250521825586],
      [236.38114395047342, 286.4827238383559],
      [237.73062573103016, 284.87577199715315],
      [235.6667124195883, 281.741731691578],
      [228.6811596731768, 282.54539282400947],
      [227.9667281422935, 284.07223296225675],
      [222.9657074261122, 282.8266642704366],
      [220.78272219285645, 284.5945381221336],
      [219.4332404122997, 285.6792689519975],
      [219.27447784988, 285.7997898665353],
      [217.48839902267355, 284.27312166661704],
      [216.81365813239609, 283.67044766117806],
      [216.73427685118622, 283.630268552256],
      [216.61520492937234, 279.4912563779726],
      [212.40799702528057, 280.3352233391947],
      [208.79614873026185, 277.2404505490026],
      [206.69254477821778, 279.9333401058593],
      [208.1610984805884, 289.9772633592229],
      [208.20078912119243, 290.0174258575971],
      [205.81935068491475, 288.97316676569517],
      [199.23070434454894, 286.24169178895227],
      [197.3255535955268, 291.38288832767466],
      [196.01576245557408, 291.06161395917934],
      [191.80855455148412, 296.36178245230894],
      [192.5229860823656, 298.73020653517915],
      [192.48329544176158, 298.850625138547],
      [192.12607967632175, 299.4125661624812],
      [191.0544323799968, 301.05813257989985],
      [190.34000084911168, 301.53972850198625],
      [189.42711611520645, 302.1818329677417],
      [189.0699003497666, 302.46274525257786],
      [184.18795155539556, 300.5765215926849],
      [183.47352002451225, 300.85746316620134],
      [181.05239094763238, 304.06786002914396],
      [180.85393774460863, 304.3487379203616]
    ],
    [
      [180.85393774460863, 304.3487379203616],
      [180.85393774460863, 304.3487379203616]
    ],
    [
      [180.85393774460863, 304.3487379203616],
      [180.3776500573531, 304.3086128208497],
      [170.77251503103435, 302.70352313281273],
      [169.5817958128955, 302.54300496424867],
      [167.00190417359772, 298.48936650143696],
      [165.13644406518142, 298.56964693151303],
      [162.8740775507158, 292.58760738481305],
      [160.09573270839246, 291.38288832767466],
      [156.92048146002344, 291.82462961553256],
      [152.1576045874681, 294.31420669999216],
      [149.4586410263546, 293.71192663995043],
      [149.41895038575058, 293.6717737969416]
    ],
    [
      [149.41895038575058, 293.6717737969416],
      [149.4586410263546, 293.6316208490489],
      [148.74420949547311, 288.73217381419045],
      [148.06946860519383, 288.5715097453108],
      [146.0452459343578, 288.0895074518503],
      [142.3540163581274, 287.16562742405085],
      [138.86123998491894, 288.0895074518503],
      [139.65505279701392, 283.46955106409996],
      [138.3452616570612, 280.77728272642844],
      [131.75661531669357, 279.97352890336697],
      [132.9076438942302, 272.1749276697119],
      [133.6617660657157, 271.4511446794654],
      [133.0664064566463, 271.04902822303166],
      [129.77208328646338, 268.75676254718564],
      [129.17672367739397, 268.35457524522326],
      [129.21641431799617, 268.3143559331802],
      [130.12929905190686, 268.1534776270073],
      [130.48651481734487, 264.2114300962571],
      [133.7808379875296, 264.0505085935297],
      [134.7731040026447, 261.9181386076516],
      [134.01898183115736, 257.61225741618273],
      [132.47104684757687, 256.9682828901623],
      [134.45557887780888, 253.18438326372234],
      [134.05867247176138, 251.9765579813925],
      [133.86021926873764, 251.29208115535948],
      [133.6220754251117, 250.56730746652192],
      [129.77208328646338, 251.3323453492976],
      [126.51745075688268, 255.80100975755704],
      [123.58034335214325, 254.3116005084603],
      [125.88240050720924, 247.18457413061105]
    ],
    [
      [357.95357612242515, 217.14994508506334],
      [357.99326676302917, 217.10959012775675],
      [357.99326676302917, 217.19029993472031],
      [356.84223818549435, 221.50764713194712],
      [356.9216194667042, 221.54799036363374],
      [357.23914459154, 221.91107461178808],
      [359.81903623084145, 224.41208514762548],
      [360.09687071507324, 224.65409651229947],
      [359.54120174660966, 225.33977438706825],
      [358.1520293254471, 229.61447804066484],
      [361.2875899332121, 231.63042950282488],
      [357.27883523214587, 233.92828749829596],
      [357.12007266972796, 235.58091765846166],
      [357.43759779456377, 237.2736694013338],
      [360.41439583991087, 239.0468260770449],
      [361.6051150580479, 239.73185392605774],
      [361.7638776204676, 239.85273798836943],
      [361.40666185502596, 244.24420715964425],
      [360.97006480837445, 245.0901243670528],
      [360.97006480837445, 245.13040496572057],
      [360.81130224595654, 245.0901243670528],
      [359.5808923872137, 247.94978196539978],
      [358.9061514969344, 249.56062013045175],
      [358.8664608563304, 249.68142612401516],
      [360.29532391809516, 254.67390263610923],
      [357.9138854818193, 256.9682828901623],
      [359.38243918418993, 260.91220034460275],
      [359.42212982479396, 264.4528091720231],
      [359.42212982479396, 264.4930386471988]
    ],
    [
      [359.42212982479396, 264.4930386471988],
      [353.4685337341016, 265.2573785495524],
      [351.00771401661586, 262.6021387731521],
      [348.58658493973235, 263.6079657197979],
      [347.3561750809913, 261.8779023496204],
      [344.57783023866796, 262.88377699544117],
      [338.5051622261617, 261.2743457547458],
      [330.17012769919165, 256.6865354857173],
      [324.653128655149, 260.75124407137264],
      [316.27840348757127, 256.9280335795879],
      [313.93665569190125, 252.01682036654074],
      [314.3335620979469, 248.75522234882192],
      [312.150576864693, 247.3456737133888],
      [303.85523297832515, 251.9765579813925],
      [302.98203888502576, 250.48677492803108],
      [302.0294635105147, 250.36597532197447],
      [298.85421226214567, 247.58731989091712]
    ],
    [
      [325.6850853108681, 317.66450311036033],
      [320.96189907891676, 309.9652210844938],
      [316.0402596439453, 308.9624277070302],
      [318.1835542365952, 303.9876082625019],
      [317.310360143294, 299.5329794267618],
      [313.4206773640417, 300.3758459011133],
      [311.1583108495779, 298.48936650143696],
      [311.5949078962276, 296.9639587364218],
      [309.6103758659974, 294.43465988060325],
      [307.3480093515336, 295.0369116287802],
      [305.2047147588837, 293.51116137605004],
      [306.5938871800463, 288.210009443756],
      [303.97430490014085, 285.7596163335252],
      [295.6789610137748, 281.0987724560705],
      [284.5655816444814, 280.5763482216521],
      [280.91404270885687, 274.74810111445004],
      [277.1434318514184, 277.84337739050125],
      [272.93622394732665, 275.5923294158447]
    ],
    [
      [359.42212982479396, 264.4930386471988],
      [359.4618204653998, 264.4930386471988],
      [358.4695544502847, 268.1936973622469],
      [360.1762519962831, 271.8532505675212],
      [360.1762519962831, 271.9336704770558],
      [358.2314106066551, 275.15012039654766],
      [359.8984175120513, 277.32084216560406],
      [362.1210933859111, 277.4816241331532],
      [362.51799979195675, 284.27312166661704],
      [365.415416556094, 285.1971758280497],
      [367.12211410209056, 291.22225198320484],
      [366.4076825712091, 298.2485226980966],
      [367.83654563297387, 299.1717368075829],
      [370.1386027880435, 300.65679113684973],
      [371.0117968813447, 301.2186662277086],
      [370.93241560013485, 301.9410469307609],
      [370.4561279128793, 306.95664529996975],
      [366.4870638524153, 306.23449974532423],
      [365.415416556094, 308.9223146157151],
      [368.7494303668809, 310.807517143759],
      [368.90819292930064, 311.168487091963],
      [363.62933772888573, 310.3262107413152],
      [361.24789929260805, 313.5346365498981],
      [361.24789929260805, 313.5346365498981],
      [360.97006480837445, 313.49453534362556],
      [359.5015111060038, 313.2539259182904],
      [359.34274854358773, 313.2138239827714],
      [359.0649140593541, 309.80477852528065],
      [356.52471306065854, 310.3262107413152],
      [351.56338298508126, 306.59557675168116],
      [350.53142632936033, 308.9624277070302],
      [348.3484410961064, 308.9223146157151],
      [346.00669330043274, 314.2564404507443],
      [340.45000361578786, 313.17372194306836],
      [340.0530972097422, 313.2539259182904],
      [338.2670183825321, 315.8202331549287],
      [338.2273277419281, 315.78013788418457],
      [338.18763710132407, 315.8603283215757],
      [336.5206301959297, 314.9782106081316],
      [336.4015582741158, 315.21879316349305],
      [336.6397021177436, 317.1433187031589],
      [334.5360981656977, 316.34146220284583],
      [333.30568830695483, 319.22795086354154]
    ],
    [
      [196.92864718948113, 379.76045991197],
      [194.3487555501797, 380.1996914626352],
      [192.12607967632175, 379.720529160109],
      [187.3632028037664, 376.72543247849126],
      [187.32351216316238, 376.76537087091447],
      [182.6400165718169, 377.92353991902564],
      [181.88589440032956, 378.12321557645237],
      [180.57610326037684, 376.0864043365709],
      [183.3941387433042, 373.2504020037268],
      [183.3544481027002, 370.2940210787192],
      [176.5276579187048, 368.0164273796081],
      [177.00394560596033, 365.65856825979745],
      [172.16168745219693, 364.6193986536068],
      [168.07355146992086, 360.66192700076317],
      [167.8354076262931, 359.7423706437189],
      [168.1132421105267, 358.7827757494365],
      [167.5575731420613, 358.5428677960508],
      [163.23129331615928, 356.86340871415086],
      [161.76273961378865, 348.3833736894903],
      [161.7230489731828, 348.34336257278846],
      [153.90399277407232, 346.66280270602556],
      [153.78492085225844, 343.30113783445677],
      [151.24471985356104, 339.6585131738657],
      [151.08595729114313, 330.12760396602926],
      [149.85554743240027, 328.164630261791],
      [151.48286369719062, 326.3616800932882],
      [149.85554743240027, 326.8024206351638],
      [146.36277105919362, 321.59286614900384],
      [148.54575629244755, 313.9356428833885],
      [145.68803016891434, 311.7299791152973],
      [145.4498863252884, 304.70985911364005],
      [142.55246956115298, 300.29557489199124],
      [142.94937596719683, 299.0111818106043],
      [146.64060554342723, 298.810485708791],
      [147.0375119494729, 298.0076751248457],
      [147.39472771491455, 297.92739176261193],
      [147.35503707431053, 297.40553969631355],
      [148.9029720578892, 294.2339040552856],
      [149.2998784639367, 293.792232011323],
      [149.41895038575058, 293.6717737969416]
    ],
    [
      [240.4692799327495, 290.78049337544417],
      [240.58835185456155, 290.8608140671431],
      [240.35020801093378, 291.5033644838768],
      [238.48474790251748, 295.9603184981079],
      [242.57288388479355, 298.0076751248457],
      [241.5012365884686, 302.46274525257786],
      [256.70275194003807, 304.8703547050095],
      [258.3300682048266, 307.31770539123863],
      [254.28162286315637, 317.02304288149526],
      [253.28935684804128, 317.1834104356244]
    ],
    [
      [329.2969336058868, 76.05256766983621],
      [328.8206459186349, 76.0118290381688],
      [327.62992670049607, 75.97109029361854],
      [328.66188335621337, 74.46367737432229],
      [326.0819917169156, 75.40073601630593],
      [327.5505454192862, 72.99685694035361]
    ],
    [
      [327.5505454192862, 72.99685694035361],
      [328.5428114344013, 73.28208349166744],
      [329.8922932149562, 73.93400910610217],
      [329.17786168407474, 75.31925502743161],
      [329.0984804028649, 75.40073601630593],
      [329.0984804028649, 75.44147634138244],
      [329.2969336058868, 76.05256766983621]
    ],
    [
      [356.80254754489033, 55.2203837127181],
      [356.6437849824706, 55.016400000714384],
      [355.6515189673555, 56.60739760294109],
      [352.1587425941507, 55.83231779943162],
      [352.11905195354484, 55.913907078933335],
      [350.69018889177823, 58.23901050514178],
      [346.28452778466635, 56.688982564588514],
      [346.24483714406233, 56.933734722903864],
      [345.768549456805, 58.850818497544424],
      [347.59431892461726, 61.05311580122816],
      [342.59329820843595, 63.86668097707843],
      [342.55360756783375, 66.3128207446589],
      [339.89433464732247, 68.43247875189263],
      [336.91753660197537, 67.41345060994718],
      [335.0917671341649, 69.65521916029047],
      [332.6706380572796, 69.00310361483207],
      [330.5273434646315, 70.75559847892782],
      [330.76548730825925, 72.58938083363682],
      [328.78095527802907, 71.00011602031645]
    ],
    [
      [328.78095527802907, 71.00011602031645],
      [329.2175523246806, 70.26655118306735],
      [329.4160055277025, 69.94051060470338],
      [328.06652374714577, 67.20963649180703],
      [331.87682524518823, 64.641336033892],
      [331.99589716700393, 61.42013318313184],
      [326.3995168417514, 57.382436391564625],
      [328.46343015319144, 58.27979849944495],
      [329.93198385556207, 56.688982564588514],
      [328.979408481051, 55.016400000714384],
      [330.4082715428194, 51.915497575058],
      [329.0984804028649, 50.8953202531402],
      [330.44796218342344, 50.691276252237],
      [331.20208435491077, 48.16089413800819],
      [329.5747680901204, 47.9568119852529],
      [329.1381710434707, 45.75254318606221],
      [327.2330202944486, 45.3034847116287],
      [325.88353851389, 42.85383188744163],
      [324.0974596866836, 43.343795312461225],
      [324.77220057696286, 37.544840755501355],
      [321.596949328592, 40.81214067696237],
      [320.76344587589483, 39.30110536723805],
      [319.0170576892924, 39.8728668505737],
      [318.461388720827, 37.544840755501355],
      [318.382007439619, 37.29976377250205],
      [318.34231679901313, 37.34061022219157],
      [318.10417295538537, 36.36026386717822],
      [321.0015897195226, 32.19305658596659],
      [321.08097100073246, 30.435935750803765],
      [321.0015897195226, 29.94553863325109],
      [318.93767640808255, 28.596861443054877],
      [319.7711798607779, 26.30791131809474],
      [319.7711798607779, 26.26703393879052],
      [322.23199957826546, 20.2568099487371],
      [320.7237552352908, 18.375549362153833],
      [320.88251779771053, 14.325923328354293],
      [316.63561925301474, 12.934882236083467],
      [316.7546911748286, 11.54370788911092],
      [312.78562711436643, 7.6968260038484],
      [311.79336109925134, 3.6442195540212197],
      [311.79336109925134, 3.685160635869579],
      [317.7469571899437, -9.094947017729282e-13],
      [320.1680862668254, 5.568325435272527],
      [320.6046833134769, 5.936742117875838],
      [323.8593158430558, 8.392614223884266],
      [330.01136513677193, 4.217384178558859],
      [330.09074641798, 6.837276834316981],
      [332.5515661354675, 8.187974093462799],
      [334.4964075250955, 11.830137033239225],
      [333.3850695881629, 16.821280892853792],
      [336.7190833989516, 15.63501680146328],
      [341.16443514667117, 18.498247690017706],
      [342.27577308360014, 17.84384464078903],
      [343.2283484581094, 22.464935818999038],
      [340.9659819436474, 24.018601296402267],
      [343.2283484581094, 24.71360847037795],
      [343.9030893483887, 27.370682902824228],
      [343.98247062959854, 27.24805937072597],
      [344.41906767624823, 28.596861443054877],
      [344.69690216048184, 29.495993442197687],
      [347.0386499561537, 28.842084764753963],
      [347.3958657215953, 27.24805937072597],
      [349.85668543908105, 28.882954917028655],
      [353.4685337341016, 28.801214497812907],
      [356.4453317794487, 31.498406227001396],
      [362.5576904325608, 37.013835422925695],
      [362.0417121047012, 41.99635634428978],
      [363.7881002913018, 44.20119176651224],
      [363.23243132284006, 49.507764918636894],
      [356.80254754489033, 55.2203837127181]
    ],
    [
      [285.8356821438283, 124.73620980704527],
      [280.9934239900649, 123.76166865048071],
      [281.7872368021581, 121.2438077623201],
      [285.75630086262026, 123.4774154268016],
      [288.7727895485714, 123.11193899659156],
      [293.85319154596436, 118.0349463422117]
    ],
    [
      [294.40886051442794, 117.42559040688047],
      [293.1784506556851, 114.90665340061241],
      [288.8124801891754, 112.26537242750146],
      [290.6779402975935, 109.29844894837879],
      [293.57535706173076, 110.47716097312787],
      [294.6470043580557, 111.85897969718553],
      [292.58309104661566, 113.20003338605693],
      [294.2104073114024, 114.54096566240241],
      [296.0758674198205, 112.30601108712017],
      [295.7583422949847, 109.78620323988616],
      [290.87639350061545, 108.60743618328797],
      [292.3846378435919, 106.3309305632365],
      [288.33619250191987, 104.33870068708347],
      [289.32845851703496, 102.54953079341249],
      [289.13000531401303, 102.38686824561591],
      [288.89186147038527, 102.1428710670707],
      [288.33619250191987, 101.573528650144],
      [287.85990481466433, 101.93953700763177],
      [286.9470200807591, 102.67152652943423],
      [282.6604308954593, 106.12765409547774],
      [282.3825964112275, 106.12765409547774],
      [283.89084075420396, 103.72878073270113],
      [283.6130062699722, 100.43477800061282],
      [286.74856687773536, 99.37728808312295],
      [287.9392860958742, 100.67880338561827],
      [290.71763093819754, 99.05189133841122],
      [291.86865951573236, 100.23142043403095],
      [293.4562851399169, 96.48914138159216],
      [299.4892625118173, 93.23421437707748],
      [300.3624566051203, 90.7925477728013],
      [303.25987336925573, 91.03673262494067],
      [308.1815128042308, 87.04787346769899],
      [307.7449157575811, 84.6866113732649],
      [304.41090194679236, 85.37874464829292],
      [305.879455649163, 82.89505653240121],
      [304.2918300249785, 82.85433684336658],
      [304.0536861813507, 82.44713375836909],
      [303.69647041590906, 79.75931082139141],
      [303.69647041590906, 79.55566786538748],
      [304.41090194679236, 79.27056299144351],
      [306.83203102367406, 78.25228619084555],
      [306.99079358609197, 78.17082100154403],
      [306.8717216642799, 77.9264227263402],
      [307.1892467891157, 75.8896124658595],
      [308.10213152302094, 75.44147634138244],
      [311.8727423804612, 73.6487952084417],
      [313.22222416101795, 74.78961759055073],
      [311.8727423804612, 76.13404459453068],
      [313.5000586452479, 77.60055204192031],
      [317.8660291117576, 78.13008823769451],
      [320.92220843831274, 74.09698599101102],
      [322.1129276564534, 77.19320353219155],
      [325.64539467026407, 78.53741080031978],
      [325.32786954542644, 80.77748332687679],
      [327.5505454192862, 82.52857527644937],
      [326.5582794041693, 84.44232127484429],
      [328.5428114344013, 85.58230706904124],
      [328.62219271561116, 85.54159480994531],
      [332.75001933848944, 80.85893408398897],
      [329.2969336058868, 79.8814952420762],
      [329.61445873072626, 77.11173247622901],
      [329.2969336058868, 76.05256766983621]
    ],
    [
      [327.5505454192862, 72.99685694035361],
      [328.30466759077353, 71.73364422229861],
      [328.7412646374232, 71.00011602031645],
      [328.78095527802907, 71.00011602031645]
    ],
    [
      [356.80254754489033, 55.2203837127181],
      [356.7628569042863, 55.2203837127181],
      [356.96131010731006, 55.54675174131171],
      [358.39017316907666, 57.91270246264594],
      [359.10460469995814, 58.19822239727819],
      [365.8917042433477, 60.93077463194186],
      [367.7174737111618, 63.907453315830935],
      [367.91592691418373, 66.5574122927519]
    ]
  ],
  "bbox": [
    12.684693502833397, -9.094947017729282e-13, 419.3153064971666,
    487.99999999999955
  ]
}
