{
  "type": "Topology",
  "objects": {
    "districts": {
      "type": "GeometryCollection",
      "geometries": [
        {
          "type": "Polygon",
          "arcs": [[0, 1, 2, 3, 4, 5, 6, 7, 8, 9, 10, 11, 12]],
          "properties": {
            "dt_code": "001",
            "district": "Kupwara",
            "st_nm": "Jammu and Kashmir",
            "st_code": "01",
            "year": "2011_c"
          }
        },
        {
          "type": "Polygon",
          "arcs": [
            [13, 14, 15, 16, 17, 18, 19, 20, 21, 22, 23, 24, 25, -3, 26, -1, 27]
          ],
          "properties": {
            "dt_code": "009",
            "district": "Bandipora",
            "st_nm": "Jammu and Kashmir",
            "st_code": "01",
            "year": "2011_c"
          }
        },
        {
          "type": "Polygon",
          "arcs": [
            [
              -24, 28, -22, 29, 30, 31, 32, 33, 34, 35, 36, 37, 38, 39, -5, 40,
              41
            ]
          ],
          "properties": {
            "dt_code": "008",
            "district": "Baramulla",
            "st_nm": "Jammu and Kashmir",
            "st_code": "01",
            "year": "2011_c"
          }
        },
        {
          "type": "Polygon",
          "arcs": [
            [-16, 42, -14, 43, 44, 45, 46, 47, 48, 49, 50, 51, 52, -19, 53, 54]
          ],
          "properties": {
            "dt_code": "011",
            "district": "Ganderbal",
            "st_nm": "Jammu and Kashmir",
            "st_code": "01",
            "year": "2011_c"
          }
        },
        {
          "type": "Polygon",
          "arcs": [
            [
              -45, 55, 56, 57, 58, 59, 60, 61, 62, 63, 64, 65, 66, 67, 68, 69,
              70, 71, 72, 73, 74, 75, 76, 77, 78, 79, 80, 81, 82, 83, -47, 84
            ]
          ],
          "properties": {
            "dt_code": "014",
            "district": "Anantnag",
            "st_nm": "Jammu and Kashmir",
            "st_code": "01",
            "year": "2011_c"
          }
        },
        {
          "type": "Polygon",
          "arcs": [[85, 86, 87, 88, 89, 90, -60, 91, -58, 92, 93]],
          "properties": {
            "dt_code": "018",
            "district": "Kishtwar",
            "st_nm": "Jammu and Kashmir",
            "st_code": "01",
            "year": "2011_c"
          }
        },
        {
          "type": "Polygon",
          "arcs": [
            [
              -49, 94, -83, 95, -81, 96, 97, 98, 99, 100, 101, 102, 103, -31,
              104, 105, 106, -51, 107
            ]
          ],
          "properties": {
            "dt_code": "010",
            "district": "Srinagar",
            "st_nm": "Jammu and Kashmir",
            "st_code": "01",
            "year": "2011_c"
          }
        },
        {
          "type": "Polygon",
          "arcs": [[-103, 108, 109, 110, 111, 112, 113, 114, 115, -33, 116]],
          "properties": {
            "dt_code": "002",
            "district": "Budgam",
            "st_nm": "Jammu and Kashmir",
            "st_code": "01",
            "year": "2011_c"
          }
        },
        {
          "type": "Polygon",
          "arcs": [
            [
              -79, 117, 118, -76, 119, -74, 120, 121, 122, 123, 124, -110, 125,
              126, -100, 127, -98, 128
            ]
          ],
          "properties": {
            "dt_code": "012",
            "district": "Pulwama",
            "st_nm": "Jammu and Kashmir",
            "st_code": "01",
            "year": "2011_c"
          }
        },
        {
          "type": "Polygon",
          "arcs": [
            [
              129, 130, 131, -35, 132, -115, 133, 134, 135, 136, 137, 138, 139,
              140, 141, 142, 143, 144, 145
            ]
          ],
          "properties": {
            "dt_code": "005",
            "district": "Punch",
            "st_nm": "Jammu and Kashmir",
            "st_code": "01",
            "year": "2011_c"
          }
        },
        {
          "type": "Polygon",
          "arcs": [[-122, 146, 147, 148, 149, 150, -112, 151, -124, 152]],
          "properties": {
            "dt_code": "013",
            "district": "Shopiyan",
            "st_nm": "Jammu and Kashmir",
            "st_code": "01",
            "year": "2011_c"
          }
        },
        {
          "type": "Polygon",
          "arcs": [
            [
              153, -68, 154, -66, 155, 156, 157, 158, 159, 160, 161, 162, 163,
              164, -135, 165, 166, -150, 167, 168, -71, 169
            ]
          ],
          "properties": {
            "dt_code": "015",
            "district": "Kulgam",
            "st_nm": "Jammu and Kashmir",
            "st_code": "01",
            "year": "2011_c"
          }
        },
        {
          "type": "Polygon",
          "arcs": [
            [
              -139, 170, -137, 171, 172, 173, 174, 175, 176, 177, 178, 179, 180,
              181, 182, 183, 184, 185, 186, 187, 188, 189, -141, 190
            ]
          ],
          "properties": {
            "dt_code": "006",
            "district": "Rajouri",
            "st_nm": "Jammu and Kashmir",
            "st_code": "01",
            "year": "2011_c"
          }
        },
        {
          "type": "Polygon",
          "arcs": [
            [
              -157, 191, -64, 192, 193, 194, 195, 196, 197, 198, 199, 200, 201,
              202, 203, 204, -159, 205
            ]
          ],
          "properties": {
            "dt_code": "017",
            "district": "Ramban",
            "st_nm": "Jammu and Kashmir",
            "st_code": "01",
            "year": "2011_c"
          }
        },
        {
          "type": "Polygon",
          "arcs": [
            [
              -161, 206, -204, 207, -202, 208, 209, 210, 211, 212, 213, 214,
              215, 216, 217, 218, -180, 219, -178, 220, -176, 221, -174, 222,
              -163, 223
            ]
          ],
          "properties": {
            "dt_code": "020",
            "district": "Reasi",
            "st_nm": "Jammu and Kashmir",
            "st_code": "01",
            "year": "2011_c"
          }
        },
        {
          "type": "Polygon",
          "arcs": [
            [
              -90, 224, -88, 225, 226, 227, 228, 229, 230, 231, 232, -194, 233,
              -62, 234
            ]
          ],
          "properties": {
            "dt_code": "016",
            "district": "Doda",
            "st_nm": "Jammu and Kashmir",
            "st_code": "01",
            "year": "2011_c"
          }
        },
        {
          "type": "Polygon",
          "arcs": [
            [
              -184, 235, -182, 236, -218, 237, -216, 238, -214, 239, 240, 241,
              242, 243, 244, 245, 246, 247, 248, 249, 250, 251, 252, 253, 254
            ]
          ],
          "properties": {
            "dt_code": "021",
            "district": "Jammu",
            "st_nm": "Jammu and Kashmir",
            "st_code": "01",
            "year": "2011_c"
          }
        },
        {
          "type": "Polygon",
          "arcs": [
            [255, 256, 257, 258, 259, 260, 261, 262, 263, 264, -229, 265]
          ],
          "properties": {
            "dt_code": "007",
            "district": "Kathua",
            "st_nm": "Jammu and Kashmir",
            "st_code": "01",
            "year": "2011_c"
          }
        },
        {
          "type": "MultiPolygon",
          "arcs": [
            [[266, 267]],
            [
              [
                268, -198, 269, -196, 270, -232, 271, 272, 273, 274, -262, 275,
                276, -259, 277, 278, 279, 280, 281, -243, 282, 283, 284, -212,
                285, -210, 286, -200
              ]
            ]
          ],
          "properties": {
            "dt_code": "019",
            "district": "Udhampur",
            "st_nm": "Jammu and Kashmir",
            "st_code": "01",
            "year": "2011_c"
          }
        },
        {
          "type": "Polygon",
          "arcs": [
            [
              -245, 287, 288, -280, 289, 290, 291, -256, 292, -253, 293, -251,
              294, -249, 295, -247, 296
            ],
            [-267, 297]
          ],
          "properties": {
            "dt_code": "022",
            "district": "Samba",
            "st_nm": "Jammu and Kashmir",
            "st_code": "01",
            "year": "2011_c"
          }
        },
        {
          "type": "Polygon",
          "arcs": [
            [-12, 298, 299, -9, 300, 301, 302, -37, 303, 304, 305, -146, 306]
          ],
          "properties": {
            "dt_code": "992",
            "district": "Muzaffarabad",
            "st_nm": "Jammu and Kashmir",
            "st_code": "01",
            "year": "2011_c"
          }
        },
        {
          "type": "Polygon",
          "arcs": [[-143, 307, -189, 308, 309, 310, -185, -255, 311, 312]],
          "properties": {
            "dt_code": "991",
            "district": "Mirpur",
            "st_nm": "Jammu and Kashmir",
            "st_code": "01",
            "year": "2011_c"
          }
        }
      ]
    }
  },
  "arcs": [
    [
      [153.6265077750304, 91.33346378220176],
      [147.72503996512023, 103.7113921071641],
      [147.5366952477816, 113.65485778201491],
      [139.06118296759087, 119.74143990818811],
      [139.62621711960492, 121.79035641442897],
      [138.43336724313303, 124.21138349726152]
    ],
    [
      [138.43336724313303, 124.21138349726152],
      [134.9803807586104, 123.9010208074942],
      [136.7382647870927, 127.62488037519142]
    ],
    [
      [136.7382647870927, 127.62488037519142],
      [134.41534660659818, 129.5484535324531]
    ],
    [
      [134.41534660659818, 129.5484535324531],
      [133.72474930969292, 132.34022727012598],
      [128.19997093445636, 132.21616125255696],
      [126.31652376107922, 135.06937822928467]
    ],
    [
      [126.31652376107922, 135.06937822928467],
      [125.31201860194778, 140.8359152071589],
      [121.98459526231636, 145.73235247711364],
      [116.7737247493078, 148.21085498222965],
      [115.83200116262014, 146.78577401748953],
      [110.93503851184505, 146.35202258808658],
      [101.0783316378438, 149.8835760315087],
      [98.69263188490004, 154.8385189613582],
      [96.87196628397032, 155.45775365632562],
      [95.67911640749844, 161.6484749998781],
      [92.47725621275822, 162.08171489049255],
      [85.8851911059428, 158.61539070080926]
    ],
    [
      [85.8851911059428, 158.61539070080926],
      [80.61153902048864, 161.462796333838],
      [76.27961052172577, 159.17254097608293]
    ],
    [
      [76.27961052172577, 159.17254097608293],
      [75.65179479726612, 157.12953962691427],
      [70.94317686382783, 156.94379627325634]
    ],
    [
      [70.94317686382783, 156.94379627325634],
      [70.50370585670498, 151.98965828442033]
    ],
    [
      [70.50370585670498, 151.98965828442033],
      [68.30635082109984, 152.2993473905135],
      [67.80409824153503, 150.93665995438187],
      [69.81310855979973, 147.9010681142081]
    ],
    [
      [69.81310855979973, 147.9010681142081],
      [65.8578694957123, 145.29856574835594]
    ],
    [
      [65.8578694957123, 145.29856574835594],
      [60.20752797558271, 149.3260263519005]
    ],
    [
      [60.20752797558271, 149.3260263519005],
      [53.17599186164625, 145.73235247711364],
      [50.91585525359551, 147.40539370931128],
      [47.21174247928866, 144.80279168457218],
      [46.70948989972203, 140.4639581645033],
      [53.42711815143048, 133.5187950055115],
      [57.570701932858356, 133.76690082750883],
      [64.09998546722818, 129.7345905623788],
      [63.53495131521595, 124.83208647424908],
      [64.66501961924041, 121.23159329827922],
      [73.3916581892172, 109.98909911987994],
      [72.82662403720315, 107.06817107673669],
      [70.7548321464892, 106.88170634157359],
      [69.93867170469275, 104.95474575549906],
      [69.93867170469275, 101.53523379820126],
      [74.89841592791709, 93.26246862040352],
      [78.35140241243789, 93.82244797394924],
      [81.67882575206932, 92.32911539441102],
      [86.19909896817262, 94.25797058021453],
      [91.34718790873194, 93.07580340597815],
      [91.72387734340919, 96.74638776588563],
      [95.17686382792999, 98.98555099026908],
      [97.87647144310358, 93.69801022909814],
      [113.88577241679741, 83.739077408718],
      [118.46882720534813, 77.63540727974123]
    ],
    [
      [118.46882720534813, 77.63540727974123],
      [120.72896381339706, 78.32065807686558],
      [148.16451097224126, 79.81562342900997],
      [153.375381485248, 82.24456996706067],
      [154.31710507193566, 85.66922490826892],
      [153.6265077750304, 91.33346378220176]
    ],
    [
      [245.03647725621158, 142.63355681062785],
      [240.20229617787845, 143.06743287911195]
    ],
    [
      [240.20229617787845, 143.06743287911195],
      [238.06772271472073, 140.89790700762023],
      [235.43089667199456, 142.0756947699656],
      [230.47115244877205, 139.53401875190957]
    ],
    [
      [230.47115244877205, 139.53401875190957],
      [229.6549920069756, 143.7492087357159],
      [224.19299520418463, 146.04219124051542],
      [216.03139078622007, 140.52595174781982],
      [213.39456474349572, 136.55776308946133],
      [208.4976020927188, 134.449167270639],
      [207.3047522162451, 131.96802564200516],
      [200.21043452986305, 130.41707004648924]
    ],
    [
      [200.21043452986305, 130.41707004648924],
      [197.6363900595843, 127.62488037519142],
      [192.42551954657756, 130.04481298198698]
    ],
    [
      [192.42551954657756, 130.04481298198698],
      [191.35823281499688, 132.40225983200253],
      [191.48379595988808, 135.62754264059913],
      [193.61836942304762, 137.30189124702792],
      [191.5465775323355, 141.3318412917697]
    ],
    [
      [191.5465775323355, 141.3318412917697],
      [188.28193576514968, 142.26165145639516],
      [184.76616770817964, 145.7943208230954],
      [178.29966574625723, 146.53791783733595],
      [175.47449498619062, 150.75082783542166],
      [172.58654265368205, 150.68888320340375],
      [169.51024560383485, 145.85628887242092],
      [161.3486411858721, 143.06743287911195],
      [162.66705420723702, 149.44992835480298],
      [161.91367533788798, 156.26271454744256],
      [160.15579130940205, 155.82928027738308],
      [159.90466501961782, 157.87248644072406],
      [161.91367533788798, 159.11063657157501],
      [161.0347333236441, 161.2771150112485],
      [161.78811219299496, 164.18581727302353]
    ],
    [
      [161.78811219299496, 164.18581727302353],
      [167.4384537131209, 170.61977981846576]
    ],
    [
      [167.4384537131209, 170.61977981846576],
      [164.1738119459369, 172.22777281893013],
      [162.03923848277736, 170.49607980990277]
    ],
    [
      [162.03923848277736, 170.49607980990277],
      [158.83737828803896, 171.91855884209326],
      [158.83737828803896, 168.9497303551152]
    ],
    [
      [158.83737828803896, 168.9497303551152],
      [150.80133701496743, 170.24867626090236],
      [150.36186600784458, 167.8981076074424],
      [153.68928934747782, 163.50511558474227],
      [150.6129922976288, 162.70060393577205]
    ],
    [
      [150.6129922976288, 162.70060393577205],
      [148.29007411713246, 164.8664832766035]
    ],
    [
      [148.29007411713246, 164.8664832766035],
      [148.6039819793623, 163.13380871132904],
      [143.58145618369417, 153.35223499617678],
      [146.84609795087636, 137.1778728623458],
      [141.0074117134136, 130.41707004648924],
      [137.86833309111898, 133.58082190773166]
    ],
    [
      [137.86833309111898, 133.58082190773166],
      [133.72474930969292, 133.76690082750883],
      [134.41534660659818, 129.5484535324531]
    ],
    [
      [136.7382647870927, 127.62488037519142],
      [134.8548176137174, 124.08723931752775],
      [138.43336724313303, 124.21138349726152]
    ],
    [
      [153.6265077750304, 91.33346378220176],
      [154.31710507193566, 85.04662844362974],
      [160.78360703385988, 91.45792445925235],
      [171.20534805987336, 95.50223946475217],
      [183.95000726638318, 96.74638776588563],
      [185.95901758465334, 95.00454638362316],
      [187.90524633047244, 96.87079596575131],
      [195.69016131375975, 96.74638776588563],
      [207.86978636825734, 102.53009474343526],
      [213.0178753088203, 102.46791819049213],
      [215.15244877197983, 100.60248170802697],
      [221.99564016857948, 99.35870691184027],
      [235.68202296177878, 102.21920897076052],
      [237.8165964249365, 105.6385390149735],
      [243.59250108995911, 108.24905163308813],
      [250.74960034878495, 117.38167795771733],
      [245.97820084289924, 132.1541277968563],
      [252.63304752216027, 136.4957504758322],
      [247.17105071937112, 144.05909497784705],
      [245.03647725621158, 142.63355681062785]
    ],
    [
      [150.6129922976288, 162.70060393577205],
      [153.75207091992343, 163.81452986727163],
      [150.5502107251832, 167.5269263142245],
      [150.67577387007623, 170.12497272037217],
      [158.83737828803896, 168.9497303551152]
    ],
    [
      [162.03923848277736, 170.49607980990277],
      [167.2501089957841, 172.84617871165665]
    ],
    [
      [167.2501089957841, 172.84617871165665],
      [167.94070629268936, 175.44316237484418],
      [166.49673012643325, 177.05055913525393]
    ],
    [
      [166.49673012643325, 177.05055913525393],
      [167.62679843045953, 178.65775735385523],
      [165.6805696846386, 177.66873578673403],
      [156.3888969626496, 181.50077584074643]
    ],
    [
      [156.3888969626496, 181.50077584074643],
      [149.79683185583235, 188.54384377981842],
      [148.03894782735006, 188.72913628053539],
      [146.72053480598697, 191.75520779729868],
      [140.75628542362938, 190.458405985607],
      [140.50515913384334, 192.4961795216168],
      [142.95364045923452, 193.9779967290524],
      [138.30780409824, 198.36072113583214],
      [139.62621711960492, 205.3946965102241],
      [136.2987937799735, 209.28027019169167]
    ],
    [
      [136.2987937799735, 209.28027019169167],
      [132.21799157099122, 211.13013779246467],
      [131.9040837087614, 213.1030417252232],
      [130.02063653538607, 213.5345748255304],
      [126.88155791309146, 207.67683999816836],
      [117.96657462577787, 206.01153132556738]
    ],
    [
      [117.96657462577787, 206.01153132556738],
      [116.27147216974117, 200.33555270222405],
      [112.25345153320632, 201.50796769464432],
      [109.0515913384661, 195.8300316393661],
      [105.66138642639089, 194.47189840427745],
      [100.32495276849113, 195.3361813600468],
      [93.92123237901251, 192.06395113075087],
      [90.02877488736885, 196.138678575855],
      [83.37392820810783, 196.20040708740999],
      [81.23935474494829, 198.91617269643757],
      [77.97471297776247, 196.20040708740999],
      [71.88490045051549, 196.57077202703385],
      [65.23005377125264, 191.56995828946128]
    ],
    [
      [65.23005377125264, 191.56995828946128],
      [64.28833018456498, 187.98795047559543],
      [65.8578694957123, 182.79846922690103]
    ],
    [
      [65.8578694957123, 182.79846922690103],
      [68.49469553843846, 182.61309237401747],
      [69.1225112628963, 177.42146865018003]
    ],
    [
      [69.1225112628963, 177.42146865018003],
      [73.3916581892172, 175.44316237484418],
      [78.72809184711332, 169.75385503409962],
      [77.97471297776247, 167.9599701253028],
      [79.04199970934314, 164.92836023498148]
    ],
    [
      [79.04199970934314, 164.92836023498148],
      [76.27961052172577, 159.17254097608293]
    ],
    [
      [76.27961052172577, 159.17254097608293],
      [81.11379160005527, 161.52468951768242],
      [85.8851911059428, 158.61539070080926]
    ],
    [
      [126.31652376107922, 135.06937822928467],
      [128.38831565179316, 132.0300599915854],
      [132.0924284261, 131.78192080541248],
      [134.22700188925955, 134.07702640454954],
      [137.86833309111898, 133.58082190773166]
    ],
    [
      [137.86833309111898, 133.58082190773166],
      [140.25403284406093, 130.29298555086098],
      [142.5769510245591, 131.09951345821082],
      [143.95814561836778, 133.58082190773166],
      [147.2855689579992, 138.66601495851774],
      [143.70701932858537, 153.66189154338008],
      [147.85060311001325, 161.33900908062787],
      [148.29007411713246, 164.8664832766035]
    ],
    [
      [230.47115244877205, 139.53401875190957],
      [235.24255195465776, 142.0756947699656],
      [238.50719372184176, 141.0218897171835],
      [240.20229617787845, 143.06743287911195]
    ],
    [
      [245.03647725621158, 142.63355681062785],
      [246.9199244295869, 144.1210713357841],
      [251.2518529283534, 138.91402198831292],
      [253.26086324661992, 139.28602361381945],
      [252.9469553843901, 141.51780867150774],
      [254.3909315506462, 142.57157332734914],
      [253.26086324661992, 145.42250629714636],
      [255.8349077169005, 149.75967817673882],
      [255.33265513733568, 153.66189154338008],
      [257.9066996076126, 155.5815970462454],
      [265.69161459090174, 155.89120034588814],
      [268.57956692341213, 163.19569392773246],
      [264.6243278593229, 167.03200142549213]
    ],
    [
      [264.6243278593229, 167.03200142549213],
      [257.530010172939, 162.57682848734294],
      [256.52550501380574, 165.79460669623768],
      [253.13530010172872, 167.40319685975464],
      [247.92442958872198, 166.1658374929293]
    ],
    [
      [247.92442958872198, 166.1658374929293],
      [239.3233541636364, 159.60586353707276],
      [235.11698880976473, 163.13380871132904]
    ],
    [
      [235.11698880976473, 163.13380871132904],
      [231.6012207527947, 163.81452986727163],
      [229.46664728963697, 168.82601444938882],
      [224.82081092864428, 167.27946622683976],
      [221.17947972678303, 169.01158786627911],
      [222.74901903792852, 170.86717630395106],
      [221.55616916145846, 173.15537062900876]
    ],
    [
      [221.55616916145846, 173.15537062900876],
      [214.39906990262898, 173.77373240933593]
    ],
    [
      [214.39906990262898, 173.77373240933593],
      [211.9505885772396, 172.22777281893013],
      [206.61415491934167, 174.39206478868982]
    ],
    [
      [206.61415491934167, 174.39206478868982],
      [196.380758610665, 167.8981076074424],
      [194.8740008719651, 172.10408811070374]
    ],
    [
      [194.8740008719651, 172.10408811070374],
      [189.03531463449872, 171.17641528946206],
      [186.21014387443574, 180.14114880823035],
      [182.06656009300787, 178.5341337681475],
      [182.5688126725763, 176.12323908729468],
      [177.67185002179758, 172.90801768329766],
      [175.60005813108364, 177.60691944307746]
    ],
    [
      [175.60005813108364, 177.60691944307746],
      [178.29966574625723, 181.19178216369437],
      [175.91396599331347, 181.31538051440657],
      [170.64031390786113, 172.90801768329766]
    ],
    [
      [170.64031390786113, 172.90801768329766],
      [169.9497166109577, 173.95923520998167],
      [168.6940851620402, 172.84617871165665],
      [161.78811219299496, 164.18581727302353]
    ],
    [
      [191.5465775323355, 141.3318412917697],
      [193.61836942304762, 137.5499244468765],
      [191.35823281499688, 135.25543571192702],
      [192.42551954657756, 130.04481298198698]
    ],
    [
      [192.42551954657756, 130.04481298198698],
      [197.76195320447368, 127.62488037519142],
      [200.21043452986305, 130.41707004648924]
    ],
    [
      [264.6243278593229, 167.03200142549213],
      [269.14460107542436, 163.01003739347198],
      [275.987792472024, 166.53705767941756],
      [279.1268710943168, 166.10396643033164],
      [281.07309984013773, 168.64043838221005],
      [278.12236593518355, 175.07219645480473]
    ],
    [
      [278.12236593518355, 175.07219645480473],
      [275.6111030373486, 175.1958529369722],
      [273.9787821537557, 178.28688307395169],
      [272.40924284260836, 184.52852597687615],
      [272.9742769946224, 189.65555928598314]
    ],
    [
      [272.9742769946224, 189.65555928598314],
      [271.6558639732575, 192.0022030486616],
      [262.1130649614861, 193.0518806968539],
      [260.4179625054476, 196.07694977239316],
      [261.10855980235283, 198.79274105797322],
      [259.97849149832837, 201.50796769464432]
    ],
    [
      [259.97849149832837, 201.50796769464432],
      [255.45821828222506, 204.90120770341673],
      [255.45821828222506, 214.15102600998034]
    ],
    [
      [255.45821828222506, 214.15102600998034],
      [257.4672286004934, 215.6920270123337],
      [259.66458363609854, 222.96310587365042],
      [263.9965121348614, 230.7226908416551],
      [266.696119750035, 232.20018705969778],
      [264.37320156953865, 236.385524060438],
      [271.6558639732575, 242.78405111974735],
      [270.1491062345576, 245.36718965884302],
      [271.0908298212453, 252.25308243941163],
      [270.2746693794488, 256.0019215959928],
      [272.6603691323926, 260.24112766759026],
      [268.1400959162893, 267.794598123347],
      [270.8397035314629, 271.1093920969224],
      [266.44499346025077, 271.90727393071575],
      [266.6333381775894, 273.4415267742588],
      [263.6198227001878, 275.9573162523957],
      [266.00552245313156, 282.8272804280077]
    ],
    [
      [266.00552245313156, 282.8272804280077],
      [265.6288330184543, 291.1645935926508],
      [264.1848568522, 290.3065827663413],
      [261.61081238191946, 294.3510052865986]
    ],
    [
      [261.61081238191946, 294.3510052865986],
      [258.66007847696346, 293.8608378951658]
    ],
    [
      [258.66007847696346, 293.8608378951658],
      [255.64656299956187, 296.31149389028997],
      [253.82589739863215, 296.5565346134508],
      [253.38642639151112, 294.28973535252226]
    ],
    [
      [253.38642639151112, 294.28973535252226],
      [247.29661386426233, 291.53229553188885],
      [233.79857578840165, 275.71189443487856],
      [227.52041854381423, 272.0300207088376],
      [223.12570847260395, 272.0300207088376]
    ],
    [
      [223.12570847260395, 272.0300207088376],
      [226.64147652957217, 262.08383601467995],
      [227.64598168870725, 262.08383601467995]
    ],
    [
      [227.64598168870725, 262.08383601467995],
      [226.07644237755994, 261.10109024529174],
      [225.6369713704389, 262.3909290637148],
      [222.2467664583637, 262.20667409155703],
      [222.81180061037594, 259.1968120485162],
      [220.04941142275675, 258.643905609445],
      [218.60543525650246, 255.51033128873405],
      [219.2332509809621, 251.20813397449638],
      [221.43060601656543, 251.20813397449638],
      [218.103182676934, 249.4253835352656],
      [218.47987211161126, 248.31872741361167],
      [219.48437727074452, 247.21197829057928],
      [220.8027902921076, 249.4253835352656],
      [221.80729545124086, 247.88833602979594],
      [220.92835343700062, 246.53558580695153]
    ],
    [
      [220.92835343700062, 246.53558580695153],
      [222.4351111757005, 245.73616806693735],
      [220.92835343700062, 244.1371869230643]
    ],
    [
      [220.92835343700062, 244.1371869230643],
      [221.80729545124086, 242.84556031148895],
      [219.2960325534077, 241.0001594498508],
      [221.36782444411983, 239.89279464765423]
    ],
    [
      [221.36782444411983, 239.89279464765423],
      [220.67722714721458, 235.216225873618],
      [216.84755122801835, 235.27777047742347]
    ],
    [
      [216.84755122801835, 235.27777047742347],
      [216.2197355035587, 232.81576142791255],
      [214.14794361284476, 232.81576142791255]
    ],
    [
      [214.14794361284476, 232.81576142791255],
      [215.9686092137763, 236.63167884361155],
      [217.03589594535515, 246.9045314692694],
      [215.59191977910086, 244.19868979004877],
      [215.02688562708863, 235.03159033263364]
    ],
    [
      [215.02688562708863, 235.03159033263364],
      [212.64118587414487, 234.47766814223814],
      [212.51562272925185, 233.12353779363912],
      [208.87429152739423, 232.81576142791255],
      [208.93707309983802, 231.03051626319302]
    ],
    [
      [208.93707309983802, 231.03051626319302],
      [211.4483359976748, 229.8607412652491],
      [210.75773870076955, 227.58245918818193],
      [212.57840430169927, 226.72030336463467]
    ],
    [
      [212.57840430169927, 226.72030336463467],
      [212.32727801191504, 224.87263580808758],
      [213.64569103327995, 223.82550865924713]
    ],
    [
      [213.64569103327995, 223.82550865924713],
      [211.07164656299938, 221.97743323367922],
      [215.40357506176224, 222.03903994460688]
    ],
    [
      [215.40357506176224, 222.03903994460688],
      [217.9776195320428, 219.2048315326747],
      [220.55166400232338, 220.06748157943093]
    ],
    [
      [220.55166400232338, 220.06748157943093],
      [223.31405318994075, 218.83510698578993],
      [226.13922395000554, 214.76744817240706],
      [229.7805551518668, 213.96609370221995]
    ],
    [
      [229.7805551518668, 213.96609370221995],
      [234.04970207818587, 205.70311755552393],
      [233.35910478128062, 196.81767614938872]
    ],
    [
      [233.35910478128062, 196.81767614938872],
      [235.05420723731913, 194.22494990335144],
      [233.04519691905261, 193.4223349979302],
      [231.35009446301228, 188.54384377981842],
      [224.94637407353366, 187.24672252593518]
    ],
    [
      [224.94637407353366, 187.24672252593518],
      [222.87458218281972, 182.9220523296808]
    ],
    [
      [222.87458218281972, 182.9220523296808],
      [223.9418689144004, 180.45016741967447]
    ],
    [
      [223.9418689144004, 180.45016741967447],
      [222.62345589303732, 177.5451028057687],
      [217.6009300973692, 175.31950824363685]
    ],
    [
      [217.6009300973692, 175.31950824363685],
      [218.79377997383926, 174.63938950946158]
    ],
    [
      [218.79377997383926, 174.63938950946158],
      [218.54265368405686, 172.7843394459178],
      [221.55616916145846, 173.15537062900876]
    ],
    [
      [235.11698880976473, 163.13380871132904],
      [239.57448045342062, 159.7296673248502],
      [247.92442958872198, 166.1658374929293]
    ],
    [
      [360.93125999127915, 348.7697758727927],
      [359.8011916872547, 338.20909888875576],
      [357.1643656445267, 337.2319677755577]
    ],
    [
      [357.1643656445267, 337.2319677755577],
      [352.2674029937498, 328.3734589818705],
      [348.2493823572131, 325.50081912276346],
      [346.93096933585184, 325.317438141451],
      [347.5587850603097, 327.39560842214087]
    ],
    [
      [347.5587850603097, 327.39560842214087],
      [345.1730853073659, 333.5670900557634]
    ],
    [
      [345.1730853073659, 333.5670900557634],
      [332.4284261008561, 338.6976376794064],
      [330.48219735503517, 334.72774336581824]
    ],
    [
      [330.48219735503517, 334.72774336581824],
      [328.78709489899484, 335.70505747363495],
      [327.46868187763357, 333.0172717296664],
      [325.58523470425644, 336.6212245760844],
      [321.06496148815495, 333.38381979356564],
      [314.72402267112375, 332.9561794082756],
      [310.7687836070345, 330.5122574885381],
      [307.7552681296311, 331.1232798790461],
      [307.6297049847399, 327.7623107742111],
      [293.56663275686515, 315.6558085400593],
      [287.7279465194006, 315.2887731744713],
      [282.203168144164, 312.9639809910768],
      [274.10434529864506, 302.1912240292777],
      [270.086324662112, 294.0446527881213],
      [265.5032698735631, 292.5740623595175]
    ],
    [
      [265.5032698735631, 292.5740623595175],
      [266.00552245313156, 282.8272804280077]
    ],
    [
      [255.45821828222506, 214.15102600998034],
      [255.8349077169005, 209.71192935885847],
      [254.89318413021283, 208.72525890498582],
      [255.58378142711808, 204.6544563141506],
      [259.97849149832837, 201.50796769464432]
    ],
    [
      [272.9742769946224, 189.65555928598314],
      [273.0998401395136, 180.94458194249273],
      [275.17163203022574, 175.7522925605499],
      [278.12236593518355, 175.07219645480473]
    ],
    [
      [278.12236593518355, 175.07219645480473],
      [281.44978927481316, 168.14555591156295],
      [289.10914111320744, 162.51494032053597],
      [294.0061037639862, 164.43333631181486],
      [292.7504723150705, 174.63938950946158],
      [296.0151140822545, 181.43897769192245],
      [300.5353872983578, 184.2813890794223],
      [303.6744659206488, 190.58191647556032],
      [307.190233977617, 192.55792526555888],
      [309.7014968754538, 192.18744641806916],
      [315.10071210579736, 196.44731821468395],
      [314.4101148088921, 203.79078976964774],
      [315.35183839557976, 202.3717851095762],
      [325.4596715593634, 201.07603757004836],
      [330.23107106525094, 202.3717851095762],
      [330.04272634791414, 198.8544570230306],
      [335.5047231507033, 199.53331339093165],
      [338.7693649178891, 210.02024861623704],
      [345.1103037349203, 218.0956265942159],
      [350.44673739282007, 222.34706915710103],
      [354.3391948844637, 230.59955865235224],
      [365.51431477982806, 236.32398464428752],
      [367.20941723586657, 240.4464887034983],
      [366.64438308385434, 248.38021074880362],
      [368.9673012643507, 251.02372270180604],
      [367.14663566342097, 253.8510786723382],
      [361.8729835779668, 255.9404738097992],
      [363.3169597442211, 259.74969531878924],
      [361.245167853509, 260.4254100802582],
      [362.18689144019663, 262.4523468162806],
      [361.37073099839836, 263.9262871708188],
      [358.8594681005652, 265.215850033519],
      [361.37073099839836, 268.469901363148],
      [364.00755704112635, 268.8382340402868],
      [365.76544106961046, 265.82988333479534],
      [371.290219444847, 265.461466779454],
      [372.2319430315347, 264.47897238832684],
      [370.850748437726, 260.7325417163602],
      [371.72969045196805, 259.01251247667096],
      [373.8642639151276, 260.11827129613175],
      [375.4965847987187, 258.8896446651952],
      [378.4473187036747, 259.9954137808754],
      [381.2097078912939, 263.9876977817439],
      [381.1469263188483, 267.73320520839934],
      [387.04839412876026, 270.06593550011166],
      [390.12469117860746, 266.19828961495114],
      [391.88257520708976, 268.8382340402868],
      [391.1919779101863, 270.5569841580291],
      [396.7167562854229, 273.3187930965032],
      [397.4701351547719, 275.8959612247627],
      [402.68100566777866, 281.23278495704653],
      [405.25505013805923, 280.9261292054789],
      [406.82458944920654, 287.05789602722507],
      [411.1565179479712, 284.97341364054864],
      [412.78883883156414, 285.7091507380046],
      [416.6812963232078, 297.6591619188621],
      [421.3271326842023, 302.0075218383963],
      [424.08952187181967, 301.88505230066767],
      [426.60078476965464, 312.22975177700846],
      [431.9999999999982, 315.5946366812841],
      [427.8564162185721, 324.70615000490943],
      [423.83839558203545, 324.40049543606256],
      [415.0489754396149, 327.2733720666047],
      [411.53320738264665, 325.4396924089533],
      [409.4614154919327, 320.6097968935683],
      [405.0039238482768, 319.9982929943935],
      [394.70774596715455, 324.70615000490943],
      [384.9138206655989, 323.60576078917984],
      [369.8462432785909, 336.3158425163929],
      [370.41127743060497, 342.78844995832696],
      [368.1511408225542, 346.26770937389665],
      [364.19590175846497, 348.7087554189675],
      [360.93125999127915, 348.7697758727927]
    ],
    [
      [214.39906990262898, 173.77373240933593],
      [218.41709053916384, 173.21720813025058],
      [218.79377997383926, 174.63938950946158]
    ],
    [
      [217.6009300973692, 175.31950824363685],
      [222.68623746548292, 177.73055183675024],
      [223.9418689144004, 180.45016741967447]
    ],
    [
      [222.87458218281972, 182.9220523296808],
      [224.63246621130565, 186.1348015581516],
      [214.6501961924132, 181.19178216369437],
      [210.94608341810635, 183.91067494252002]
    ],
    [
      [210.94608341810635, 183.91067494252002],
      [212.13893329457824, 185.2699085430213]
    ],
    [
      [212.13893329457824, 185.2699085430213],
      [211.38555442522738, 185.8876951257298],
      [208.30925737538018, 185.70236222630774]
    ],
    [
      [208.30925737538018, 185.70236222630774],
      [208.24647580293458, 187.67911061889936],
      [204.85627089085756, 187.9261830896221],
      [205.2957418979786, 189.59379980010817],
      [203.97732887661732, 190.58191647556032],
      [195.62737974131596, 195.27444876127538]
    ],
    [
      [195.62737974131596, 195.27444876127538],
      [193.99505885772305, 194.47189840427745],
      [194.43452986484408, 195.89176161051182]
    ],
    [
      [194.43452986484408, 195.89176161051182],
      [192.29995640168454, 196.69422467191907]
    ],
    [
      [192.29995640168454, 196.69422467191907],
      [192.29995640168454, 193.91625770521932],
      [188.03080947536546, 192.6196707172585],
      [184.64060456328843, 188.11148436953044],
      [180.37145763696935, 188.48207902768263],
      [173.96773724749073, 183.5399502556329],
      [172.71210579857507, 180.82098007190962]
    ],
    [
      [172.71210579857507, 180.82098007190962],
      [171.7703822118874, 181.93335467094585],
      [169.38468245894364, 181.06818263973764],
      [166.49673012643325, 177.05055913525393]
    ],
    [
      [167.2501089957841, 172.84617871165665],
      [164.55050138061233, 172.10408811070374],
      [167.4384537131209, 170.61977981846576]
    ],
    [
      [167.4384537131209, 170.61977981846576],
      [169.88693503851027, 173.95923520998167],
      [170.64031390786113, 172.90801768329766]
    ],
    [
      [170.64031390786113, 172.90801768329766],
      [175.22336869640822, 180.51197026179852],
      [177.8601947391362, 181.80976218575324],
      [178.2368841738098, 180.57377281054596],
      [175.60005813108364, 177.60691944307746]
    ],
    [
      [194.8740008719651, 172.10408811070374],
      [196.5063217555562, 169.81570871775057],
      [195.56459816886854, 168.26927829635224],
      [197.13413748001767, 167.8981076074424],
      [199.51983723295962, 170.68162938128353],
      [206.61415491934167, 174.39206478868982]
    ],
    [
      [192.29995640168454, 196.69422467191907],
      [194.24618514750546, 196.015220677019],
      [192.23717482923894, 197.68180380789]
    ],
    [
      [192.23717482923894, 197.68180380789],
      [192.61386426391255, 200.08871508503307],
      [184.70338613573585, 209.71192935885847],
      [182.19212323789907, 215.63039045375626],
      [181.94099694811666, 220.00586560197644],
      [178.36244731870283, 224.7494487176582],
      [179.0530446156081, 226.10444309155446],
      [176.47900014532752, 226.84347195049122],
      [175.91396599331347, 228.62928654675306]
    ],
    [
      [175.91396599331347, 228.62928654675306],
      [172.39819793634524, 226.78188780208438],
      [169.88693503851027, 229.06030883946914],
      [165.4922249673, 228.99873509275858]
    ],
    [
      [165.4922249673, 228.99873509275858],
      [157.51896526667588, 237.49318428326842],
      [157.45618369423028, 239.09297318500194]
    ],
    [
      [157.45618369423028, 239.09297318500194],
      [151.8058421741025, 242.29196723337554],
      [149.98517657317097, 246.47409385804076],
      [146.53219008864835, 248.13427568576662]
    ],
    [
      [146.53219008864835, 248.13427568576662],
      [146.97166109576938, 246.59707746865388]
    ],
    [
      [146.97166109576938, 246.59707746865388],
      [142.01191687254686, 244.56770095627053],
      [141.69800901031886, 242.29196723337554],
      [135.41985176573144, 237.06243862154224],
      [134.9803807586104, 235.64703204717625],
      [137.55442522889098, 232.50797785017312],
      [133.5991861647999, 228.382981738755],
      [133.91309402702973, 226.4123768415502],
      [130.02063653538607, 223.3943143557144]
    ],
    [
      [130.02063653538607, 223.3943143557144],
      [128.9533498038054, 217.35610446396095],
      [130.5228891149527, 216.67817250312964],
      [129.76951024560367, 215.38384131856128],
      [131.9668652812088, 211.37676704832847],
      [136.2987937799735, 209.28027019169167]
    ],
    [
      [156.3888969626496, 181.50077584074643],
      [165.86891440197542, 177.66873578673403],
      [169.76137189361907, 181.25358148570285],
      [172.71210579857507, 180.82098007190962]
    ],
    [
      [233.35910478128062, 196.81767614938872],
      [233.98692050574027, 206.01153132556738],
      [229.7805551518668, 213.96609370221995]
    ],
    [
      [229.7805551518668, 213.96609370221995],
      [226.45313181223537, 214.58252457064646],
      [223.5023979072812, 218.71186315196064],
      [220.55166400232338, 220.06748157943093]
    ],
    [
      [215.40357506176224, 222.03903994460688],
      [211.6994622874572, 221.54617815114398],
      [213.64569103327995, 223.82550865924713]
    ],
    [
      [212.57840430169927, 226.72030336463467],
      [210.0043598314187, 228.32140481453825]
    ],
    [
      [210.0043598314187, 228.32140481453825],
      [205.358523470426, 227.95193720215775],
      [204.79348931841196, 229.9838803837165],
      [202.72169742769802, 228.382981738755],
      [200.8382502543227, 230.66112489134412],
      [197.5736084871387, 231.15364441124257],
      [195.56459816886854, 227.89035825552855],
      [189.47478564162157, 231.58458383770449],
      [186.7751780264498, 230.23015515578118],
      [189.53756721406535, 227.520878507833],
      [186.08458072954454, 226.90505580986337]
    ],
    [
      [186.08458072954454, 226.90505580986337],
      [182.7571573899113, 232.50797785017312],
      [180.05754977474135, 230.35329080946212]
    ],
    [
      [180.05754977474135, 230.35329080946212],
      [176.79290800755552, 231.64614545848872],
      [174.53277139950296, 228.99873509275858]
    ],
    [
      [174.53277139950296, 228.99873509275858],
      [168.5685220171472, 231.27677140475043],
      [169.07077459671382, 228.81401211959474],
      [172.14707164656102, 226.90505580986337],
      [175.91396599331347, 228.62928654675306]
    ],
    [
      [192.23717482923894, 197.68180380789],
      [194.43452986484408, 195.89176161051182]
    ],
    [
      [194.43452986484408, 195.89176161051182],
      [193.93227728527745, 194.53363479933705],
      [195.62737974131596, 195.27444876127538]
    ],
    [
      [208.30925737538018, 185.70236222630774],
      [211.19720970789058, 186.0112489276562],
      [212.13893329457824, 185.2699085430213]
    ],
    [
      [210.94608341810635, 183.91067494252002],
      [214.83854090975, 181.19178216369437],
      [224.94637407353366, 187.24672252593518]
    ],
    [
      [29.758465339338727, 185.33168851936898],
      [31.767475657607065, 188.72913628053539],
      [35.65993314925072, 189.71731847934188],
      [39.175701206218946, 186.93786510597965]
    ],
    [
      [39.175701206218946, 186.93786510597965],
      [56.8173230635075, 186.3819033050395],
      [59.57971225112669, 188.85266315132685],
      [64.35111175701059, 189.0997133818737]
    ],
    [
      [64.35111175701059, 189.0997133818737],
      [65.23005377125264, 191.56995828946128]
    ],
    [
      [117.96657462577787, 206.01153132556738],
      [127.00712105798448, 207.80018776080487],
      [130.96236012207373, 213.5345748255304],
      [128.827786658916, 218.58861815895216],
      [130.39732597005968, 221.11490888163462],
      [130.02063653538607, 223.3943143557144]
    ],
    [
      [146.97166109576938, 246.59707746865388],
      [146.90887952332378, 249.54833958717245],
      [143.95814561836778, 254.15836343112915]
    ],
    [
      [143.95814561836778, 254.15836343112915],
      [144.89986920505544, 258.02953794327914],
      [143.26754832146253, 260.6096899196373],
      [145.02543234994846, 265.5228702522836],
      [143.45589303880115, 267.4876306960887]
    ],
    [
      [143.45589303880115, 267.4876306960887],
      [146.34384537131155, 271.53902675949666],
      [150.73855544252183, 273.25742583053307],
      [150.73855544252183, 277.18435707004664],
      [146.59497166109395, 277.7364883243181]
    ],
    [
      [146.59497166109395, 277.7364883243181],
      [146.53219008864835, 280.98746092383226]
    ],
    [
      [146.53219008864835, 280.98746092383226],
      [145.02543234994846, 280.55813293051506],
      [140.12846969916973, 273.1960582798247]
    ],
    [
      [140.12846969916973, 273.1960582798247],
      [131.52739427408596, 265.461466779454]
    ],
    [
      [131.52739427408596, 265.461466779454],
      [122.98910042144962, 263.2507515999441],
      [120.10114808894104, 265.215850033519],
      [116.83650632175522, 265.03163447656334]
    ],
    [
      [116.83650632175522, 265.03163447656334],
      [114.01133556169043, 268.8382340402868],
      [111.37450951896426, 268.22434054156656],
      [109.99331492515375, 269.6362529604039],
      [108.86324662112929, 267.61041852275866],
      [104.46853654991901, 268.96100931811907],
      [106.66589158552415, 277.4910994992415],
      [101.2666763551806, 288.03871551460725]
    ],
    [
      [101.2666763551806, 288.03871551460725],
      [99.06932131957547, 289.44851643887796],
      [96.18136898706507, 281.90740261924657]
    ],
    [
      [96.18136898706507, 281.90740261924657],
      [97.81368987065798, 274.4847170574694],
      [96.55805842173868, 269.6976370355287],
      [97.43700043598255, 268.96100931811907],
      [86.010754250834, 268.10155841959386],
      [83.43670978055343, 265.461466779454],
      [82.62054933875697, 261.9609967947308],
      [79.66981543380098, 259.5039722809697],
      [75.46345007992932, 259.74969531878924],
      [71.69655573317687, 257.1079327905554],
      [67.55297195174899, 259.74969531878924],
      [58.32408080220739, 261.5310505225734],
      [54.05493387588831, 257.1079327905554],
      [48.15346606597814, 258.02953794327914],
      [44.888824298792315, 256.24770987752254],
      [45.20273216102214, 260.9782418791465],
      [43.50762970498363, 262.5751814642181]
    ],
    [
      [43.50762970498363, 262.5751814642181],
      [39.112919633775164, 255.69467980161517],
      [32.206946664726274, 252.5604044547299]
    ],
    [
      [32.206946664726274, 252.5604044547299],
      [29.570120622001923, 249.05650849281392],
      [26.870513006828332, 244.87520235820375],
      [25.552099985467066, 236.9393658397912],
      [21.596860921375992, 233.43130694806678],
      [25.363755268128443, 216.98632774372072],
      [23.982560674319757, 212.91809461329194],
      [20.215666327567305, 209.71192935885847],
      [16.76267984304286, 201.44626426538616],
      [12.493532916725599, 176.9269202807336]
    ],
    [
      [12.493532916725599, 176.9269202807336],
      [15.883737828804442, 175.25768073723975],
      [18.33221915419199, 175.81411771619878],
      [26.117134137479297, 186.50545242152475],
      [27.81223659351599, 187.86441541097247],
      [29.758465339338727, 185.33168851936898]
    ],
    [
      [210.0043598314187, 228.32140481453825],
      [210.12992297631172, 227.15138835709786],
      [211.5738991425642, 229.06030883946914],
      [208.93707309983802, 231.03051626319302]
    ],
    [
      [208.93707309983802, 231.03051626319302],
      [210.0043598314187, 234.29302222244496]
    ],
    [
      [210.0043598314187, 234.29302222244496],
      [207.49309693358373, 239.27755168669137],
      [205.17017875308738, 237.4316500529194]
    ],
    [
      [205.17017875308738, 237.4316500529194],
      [205.04461560819436, 239.09297318500194],
      [198.95480308094557, 239.15449964012168],
      [200.8382502543227, 246.10513613292642],
      [199.83374509518762, 247.88833602979594],
      [200.8382502543227, 248.0727912023758],
      [197.00857433512465, 251.88428656062933],
      [196.12963232088077, 250.10162761853098],
      [193.3044615608178, 250.53194668875494],
      [193.99505885772305, 252.25308243941163],
      [188.7841883447163, 256.862160540637],
      [183.25940996947975, 252.13015162658576],
      [178.048539456473, 251.9457532571705],
      [176.98125272489233, 253.60524570781854],
      [176.47900014532752, 250.71636484476494],
      [177.8601947391362, 248.50317655808612],
      [171.58203749454879, 250.40899981724306],
      [170.64031390786113, 247.33495500905155],
      [164.4249382357193, 244.75220265955159],
      [160.21857288184583, 246.78155073058042],
      [155.50995494840754, 246.04364217341117],
      [154.37988664438308, 248.13427568576662]
    ],
    [
      [154.37988664438308, 248.13427568576662],
      [149.92239500072537, 246.3511090985794],
      [151.6802790292095, 242.3534787257122],
      [157.45618369423028, 239.09297318500194]
    ],
    [
      [165.4922249673, 228.99873509275858],
      [168.6940851620402, 229.42974525449517],
      [168.7568667344858, 231.33833446856625],
      [174.53277139950296, 228.99873509275858]
    ],
    [
      [180.05754977474135, 230.35329080946212],
      [182.63159424502192, 232.56953514271663],
      [186.08458072954454, 226.90505580986337]
    ],
    [
      [216.84755122801835, 235.27777047742347],
      [220.30053771253915, 234.29302222244496],
      [221.36782444411983, 239.89279464765423]
    ],
    [
      [220.92835343700062, 244.1371869230643],
      [222.4351111757005, 245.55168015573145],
      [220.92835343700062, 246.53558580695153]
    ],
    [
      [227.64598168870725, 262.08383601467995],
      [224.56968463886005, 267.1192603694426]
    ],
    [
      [224.56968463886005, 267.1192603694426],
      [224.0674320592916, 265.76848128915935]
    ],
    [
      [224.0674320592916, 265.76848128915935],
      [221.68173230634966, 266.1368892817618],
      [221.05391658189183, 264.72460283831424],
      [222.81180061037594, 263.3121653527551],
      [219.2332509809621, 261.40820615824396],
      [218.29152739427445, 264.8474163501487],
      [213.64569103327995, 268.77684597365806]
    ],
    [
      [213.64569103327995, 268.77684597365806],
      [217.66371166981298, 274.9756016678457],
      [215.71748292399388, 276.63220278138215]
    ],
    [
      [215.71748292399388, 276.63220278138215],
      [199.77096352274202, 273.80972097442464]
    ],
    [
      [199.77096352274202, 273.80972097442464],
      [197.51082691469128, 277.18435707004664],
      [194.49731143728968, 276.2640871233498],
      [191.29545124255128, 278.71799813633515],
      [179.1158261880537, 280.98746092383226],
      [178.048539456473, 277.85918103088807],
      [174.34442668216798, 277.4910994992415]
    ],
    [
      [174.34442668216798, 277.4910994992415],
      [168.12905101002616, 271.8459001143656],
      [164.48771980816673, 275.0369609634781],
      [161.3486411858721, 274.9142420876324]
    ],
    [
      [161.3486411858721, 274.9142420876324],
      [160.46969917163005, 273.56425931313333]
    ],
    [
      [160.46969917163005, 273.56425931313333],
      [159.21406772271257, 275.4664680651895],
      [154.9449207963953, 276.63220278138215],
      [152.81034733323577, 274.36199305875107],
      [150.92690015985863, 274.66880092088377]
    ],
    [
      [150.92690015985863, 274.66880092088377],
      [149.79683185583235, 272.1527663475608],
      [146.21828222642034, 271.47765123386034],
      [143.45589303880115, 267.4876306960887]
    ],
    [
      [143.95814561836778, 254.15836343112915],
      [145.21377706728708, 253.8510786723382],
      [146.53219008864835, 248.13427568576662]
    ],
    [
      [146.53219008864835, 248.13427568576662],
      [149.16901613137452, 246.658568843156],
      [154.37988664438308, 248.13427568576662]
    ],
    [
      [205.17017875308738, 237.4316500529194],
      [207.3047522162451, 239.40060258174162],
      [210.0043598314187, 234.29302222244496]
    ],
    [
      [210.0043598314187, 234.29302222244496],
      [209.18819938962224, 232.81576142791255],
      [215.02688562708863, 235.03159033263364]
    ],
    [
      [214.14794361284476, 232.81576142791255],
      [215.27801191687104, 232.38486239955182],
      [216.84755122801835, 235.27777047742347]
    ],
    [
      [140.12846969916973, 273.1960582798247],
      [145.08821392239406, 280.55813293051506],
      [146.53219008864835, 280.98746092383226]
    ],
    [
      [146.59497166109395, 277.7364883243181],
      [150.67577387007623, 277.2457061246141],
      [150.92690015985863, 274.66880092088377]
    ],
    [
      [150.92690015985863, 274.66880092088377],
      [157.58174683911966, 276.3867934804757]
    ],
    [
      [157.58174683911966, 276.3867934804757],
      [158.71181514314594, 278.1045630323124]
    ],
    [
      [158.71181514314594, 278.1045630323124],
      [158.0212178462425, 280.8034649166757],
      [154.37988664438308, 282.2140356530808],
      [156.57724167998822, 284.8507868200104]
    ],
    [
      [156.57724167998822, 284.8507868200104],
      [162.7926173521264, 286.3222337904317],
      [162.4787094898984, 291.53229553188885],
      [165.11553553262456, 297.23037328905775],
      [163.10652521435804, 299.006693219887],
      [160.34413602673885, 298.8841960226664],
      [160.28135445429507, 302.80354633120623],
      [163.04374364191062, 306.35445970801175],
      [160.78360703385988, 310.8223659406585]
    ],
    [
      [160.78360703385988, 310.8223659406585],
      [165.93169597442102, 315.16642580560347],
      [164.86440924284034, 321.8327205781461]
    ],
    [
      [164.86440924284034, 321.8327205781461],
      [161.91367533788798, 324.0337007116523],
      [156.82836796977062, 321.0378329389896],
      [155.1332655137321, 322.87211755821954],
      [150.04795814561658, 321.40471004385563],
      [150.80133701496743, 323.483489718863],
      [148.29007411713246, 324.8284098722406],
      [145.8415927917431, 322.8109788011898],
      [144.0837087632608, 323.7280307389992],
      [144.2720534805976, 325.50081912276346],
      [147.0972242406624, 327.15113459190434],
      [151.49193431187086, 328.8623574099802],
      [154.19154192704445, 328.19011745657735],
      [157.8956547013513, 330.45115371234533],
      [156.012207527976, 333.13945553464873],
      [157.51896526667588, 336.1326099329908],
      [158.46068885336354, 335.70505747363495],
      [156.95393111466183, 336.6823001511757],
      [158.58625199825474, 338.02589224226176],
      [154.63101293416548, 338.45337051428214]
    ],
    [
      [154.63101293416548, 338.45337051428214],
      [152.9986920505744, 341.81165320562195],
      [149.29457927626754, 341.93375669782836]
    ],
    [
      [149.29457927626754, 341.93375669782836],
      [148.6039819793623, 344.436632889674]
    ],
    [
      [148.6039819793623, 344.436632889674],
      [151.36637116698148, 349.07487397442674],
      [150.67577387007623, 352.0644679320785],
      [147.78782153756583, 354.4434643808536],
      [144.02092719081338, 349.8070810828194]
    ],
    [
      [144.02092719081338, 349.8070810828194],
      [134.66647289638058, 349.92911171218384],
      [134.8548176137174, 352.0034624737009]
    ],
    [
      [134.8548176137174, 352.0034624737009],
      [124.30751344281089, 359.44408148965795]
    ],
    [
      [124.30751344281089, 359.44408148965795],
      [120.28949280627603, 359.0172722638072]
    ],
    [
      [120.28949280627603, 359.0172722638072],
      [117.90379305333408, 351.0883472892883],
      [118.59439035023934, 347.36623513017],
      [98.56706874000702, 340.46844126542146],
      [100.19938962359993, 337.65947142114874],
      [97.81368987065798, 335.5828971169667],
      [96.4324952768493, 330.8177721771508],
      [88.27089085888656, 325.4396924089533],
      [86.19909896817262, 322.4441403746914]
    ],
    [
      [86.19909896817262, 322.4441403746914],
      [80.23484958581685, 320.7932425953095],
      [77.84914983287308, 318.8975152978337]
    ],
    [
      [77.84914983287308, 318.8975152978337],
      [77.40967882575023, 315.77815141506653],
      [78.35140241243789, 312.4133128758376]
    ],
    [
      [78.35140241243789, 312.4133128758376],
      [95.30242697282301, 304.5178987577747],
      [96.05580584217387, 299.7416526855777]
    ],
    [
      [96.05580584217387, 299.7416526855777],
      [98.31594245022461, 297.8429242369566],
      [95.61633483505102, 295.0862224388711],
      [94.92573753814577, 291.53229553188885]
    ],
    [
      [94.92573753814577, 291.53229553188885],
      [101.2666763551806, 288.03871551460725]
    ],
    [
      [116.83650632175522, 265.03163447656334],
      [124.87254759482494, 263.7420536244308],
      [131.52739427408596, 265.461466779454]
    ],
    [
      [224.56968463886005, 267.1192603694426],
      [223.12570847260395, 272.0300207088376]
    ],
    [
      [253.38642639151112, 294.28973535252226],
      [251.94245022525683, 305.1301139204252]
    ],
    [
      [251.94245022525683, 305.1301139204252],
      [249.68231361720427, 306.72174146971884],
      [253.1980816741725, 321.22127275296225],
      [249.99622147943592, 328.98457922043235],
      [247.92442958872198, 330.5733609852314],
      [249.68231361720427, 336.37691948624706],
      [251.00072663856736, 337.04874774426935]
    ],
    [
      [251.00072663856736, 337.04874774426935],
      [250.68681877634117, 341.6284958787692],
      [243.09024851038885, 336.6823001511757]
    ],
    [
      [243.09024851038885, 336.6823001511757],
      [236.37262025868222, 338.27016721331984],
      [234.67751780264553, 336.49907258907115]
    ],
    [
      [234.67751780264553, 336.49907258907115],
      [234.86586251998233, 329.10679991234156],
      [232.6685074843772, 328.12900305540643]
    ],
    [
      [232.6685074843772, 328.12900305540643],
      [228.27379741316508, 329.2901288530402]
    ],
    [
      [228.27379741316508, 329.2901288530402],
      [223.81630576950738, 324.2782316481953],
      [220.740008719662, 324.70615000490943]
    ],
    [
      [220.740008719662, 324.70615000490943],
      [217.6009300973692, 322.4441403746914]
    ],
    [
      [217.6009300973692, 322.4441403746914],
      [217.03589594535515, 323.9114335628883]
    ],
    [
      [217.03589594535515, 323.9114335628883],
      [215.71748292399388, 321.7104332555791]
    ],
    [
      [215.71748292399388, 321.7104332555791],
      [209.9415782589731, 320.54864776553313],
      [211.4483359976748, 315.5946366812841]
    ],
    [
      [211.4483359976748, 315.5946366812841],
      [207.55587850602933, 314.5546721067212],
      [208.4976020927188, 309.5984312172868],
      [207.43031536113813, 304.45667569133366],
      [209.31376253451526, 299.92538619977677],
      [212.82953059148167, 297.47539705831423],
      [206.36302862955745, 288.52909805263334],
      [209.8160151140819, 284.6668444616653]
    ],
    [
      [209.8160151140819, 284.6668444616653],
      [207.24197064380132, 276.7549057252563],
      [209.62767039674327, 275.09831997453966],
      [215.71748292399388, 276.63220278138215]
    ],
    [
      [213.64569103327995, 268.77684597365806],
      [220.23775614009537, 261.59247227600645],
      [222.93736375526896, 263.80346509216724],
      [221.30504287167605, 265.70707895809664],
      [224.0674320592916, 265.76848128915935]
    ],
    [
      [199.77096352274202, 273.80972097442464],
      [205.672431332654, 275.15967870103304],
      [206.92806278156968, 274.17790492589575],
      [208.37203894782579, 275.6505382692367],
      [207.3047522162451, 278.77934008335615],
      [209.8160151140819, 284.6668444616653]
    ],
    [
      [211.4483359976748, 315.5946366812841],
      [209.8160151140819, 320.42634866824665],
      [215.71748292399388, 321.7104332555791]
    ],
    [
      [217.03589594535515, 323.9114335628883],
      [215.0896671995324, 327.21225346915344]
    ],
    [
      [215.0896671995324, 327.21225346915344],
      [211.6366807150116, 329.10679991234156]
    ],
    [
      [211.6366807150116, 329.10679991234156],
      [208.93707309983802, 336.74337544733135],
      [215.84304606888327, 341.93375669782836],
      [214.02238046795537, 344.3145522222758]
    ],
    [
      [214.02238046795537, 344.3145522222758],
      [211.38555442522738, 343.521000753477],
      [208.12091265804156, 344.9859821211012],
      [210.12992297631172, 348.647734687298],
      [205.17017875308738, 351.2103662559921],
      [205.92355762243642, 354.07749239070563],
      [203.9145473041699, 358.4684976068547],
      [206.04912076732944, 362.06561202220746]
    ],
    [
      [206.04912076732944, 362.06561202220746],
      [200.52434239209288, 362.6751969605257]
    ],
    [
      [200.52434239209288, 362.6751969605257],
      [200.21043452986305, 367.97741947841587],
      [198.70367679116134, 367.24620277010854]
    ],
    [
      [198.70367679116134, 367.24620277010854],
      [199.0803662258386, 368.3430129223316],
      [196.75744804534224, 368.95231324372253],
      [193.93227728527745, 363.71142788286943]
    ],
    [
      [193.93227728527745, 363.71142788286943],
      [191.9860485394547, 363.77238015433886],
      [190.98154338032145, 358.6514249849706],
      [189.09809620694614, 359.261164911366],
      [186.08458072954454, 353.6505124489249],
      [182.7571573899113, 353.5895142048357],
      [178.99026304316067, 347.0610981220634],
      [171.6448190669944, 342.97159141489465],
      [168.25461415491918, 344.3145522222758],
      [163.85990408370708, 342.78844995832696],
      [163.7971225112633, 344.8639064615372],
      [160.90917017875108, 348.28160446221864],
      [158.83737828803896, 348.8307960487773],
      [157.51896526667588, 347.30520828450517],
      [156.82836796977062, 352.0034624737009],
      [160.40691759918445, 355.11438710029233],
      [155.0704839412865, 358.7733751856422]
    ],
    [
      [155.0704839412865, 358.7733751856422],
      [154.8193576515023, 360.2976592426867],
      [155.32161023107074, 354.0164960882885]
    ],
    [
      [155.32161023107074, 354.0164960882885],
      [152.24531318122172, 351.5764164934253]
    ],
    [
      [152.24531318122172, 351.5764164934253],
      [155.0077023688391, 349.86809653637283],
      [153.3125999128024, 348.8307960487773],
      [153.3125999128024, 346.8169835117078],
      [150.42464758029382, 347.6713651891032],
      [148.6039819793623, 344.436632889674]
    ],
    [
      [149.29457927626754, 341.93375669782836],
      [153.94041563726205, 341.26217370576614],
      [154.63101293416548, 338.45337051428214]
    ],
    [
      [164.86440924284034, 321.8327205781461],
      [165.93169597442102, 315.2887731744713],
      [160.78360703385988, 310.8223659406585]
    ],
    [
      [156.57724167998822, 284.8507868200104],
      [154.56823136171806, 281.2941152553285],
      [157.77009155645828, 281.1714543747603],
      [158.71181514314594, 278.1045630323124]
    ],
    [
      [157.58174683911966, 276.3867934804757],
      [160.46969917163005, 273.56425931313333]
    ],
    [
      [161.3486411858721, 274.9142420876324],
      [164.36215666327553, 275.0369609634781],
      [168.38017729980857, 272.0913936706211],
      [174.34442668216798, 277.4910994992415]
    ],
    [
      [330.48219735503517, 334.72774336581824],
      [332.6795523906385, 338.75870377379215],
      [345.1730853073659, 333.5670900557634]
    ],
    [
      [347.5587850603097, 327.39560842214087],
      [346.93096933585184, 325.2563105877507],
      [350.8234268274955, 326.90665628483293],
      [357.1643656445267, 337.2319677755577]
    ],
    [
      [357.1643656445267, 337.2319677755577],
      [359.98953640458967, 338.6365713062678],
      [360.93125999127915, 348.7697758727927]
    ],
    [
      [360.93125999127915, 348.7697758727927],
      [355.9715157680548, 348.8307960487773],
      [353.71137916000407, 350.96632721206515],
      [346.99375090829744, 351.0273373894943],
      [346.8681877634044, 353.8335055168236],
      [343.91745385845024, 358.6514249849706],
      [338.26711233832066, 361.57792415389304],
      [336.76035459962077, 364.6256829266249],
      [326.77808458073014, 371.20648447933127],
      [323.0739718064233, 366.2102443550639],
      [313.53117279465005, 362.6142397114081],
      [307.6297049847399, 369.3178801874028],
      [302.54439761662434, 368.7695260457267],
      [299.71922685656136, 370.9628085003433],
      [293.50385118441955, 370.7191281079877]
    ],
    [
      [293.50385118441955, 370.7191281079877],
      [292.12265659060904, 372.91209278743463]
    ],
    [
      [292.12265659060904, 372.91209278743463],
      [289.4858305478847, 363.95523530986884],
      [281.01031826769395, 359.87087714865356],
      [279.252434239208, 360.2976592426867]
    ],
    [
      [279.252434239208, 360.2976592426867],
      [276.92951605871167, 357.2489180441571],
      [273.1626217119574, 359.931846849694]
    ],
    [
      [273.1626217119574, 359.931846849694],
      [271.5930824008137, 358.3465446366399],
      [262.80366225839134, 358.1026353724819],
      [257.090539165818, 350.3562101666039]
    ],
    [
      [257.090539165818, 350.3562101666039],
      [256.52550501380574, 343.0326380103461],
      [251.00072663856736, 341.20111903547786],
      [251.00072663856736, 337.04874774426935]
    ],
    [
      [251.94245022525683, 305.1301139204252],
      [253.63755268129353, 296.679053279433],
      [258.66007847696346, 293.8608378951658]
    ],
    [
      [261.61081238191946, 294.3510052865986],
      [262.7408806859439, 291.4710125830243],
      [264.7498910042141, 290.5517343794236],
      [265.5032698735631, 292.5740623595175]
    ],
    [
      [124.30751344281089, 359.44408148965795],
      [129.39282081092824, 356.4561318990318],
      [134.8548176137174, 352.0034624737009]
    ],
    [
      [144.02092719081338, 349.8070810828194],
      [148.41563726202367, 354.3214748268356],
      [151.05246330474984, 351.4544008580215],
      [150.4874291527376, 347.73239036705036],
      [153.06147362301817, 346.8169835117078],
      [155.0077023688391, 349.99012661026245],
      [152.24531318122172, 351.5764164934253]
    ],
    [
      [155.32161023107074, 354.0164960882885],
      [154.9449207963953, 360.2976592426867],
      [155.0704839412865, 358.7733751856422]
    ],
    [
      [193.93227728527745, 363.71142788286943],
      [196.94579276267905, 369.13509795756363],
      [199.0803662258386, 368.28208137188994],
      [198.70367679116134, 367.24620277010854]
    ],
    [
      [200.52434239209288, 362.6751969605257],
      [201.90553698590156, 361.8217703013297],
      [206.42581020200487, 368.6476665335804],
      [219.1704694085147, 378.21028300948],
      [221.80729545124086, 380.8281593898246]
    ],
    [
      [221.80729545124086, 380.8281593898246],
      [221.55616916145846, 383.3238006116144],
      [225.07193721842668, 384.297584086361]
    ],
    [
      [225.07193721842668, 384.297584086361],
      [226.32756866734417, 387.52273979756137],
      [221.55616916145846, 390.19964206721215]
    ],
    [
      [221.55616916145846, 390.19964206721215],
      [221.55616916145846, 391.84202388112317]
    ],
    [
      [221.55616916145846, 391.84202388112317],
      [219.3588141258515, 391.47706740790545],
      [216.78476965557093, 394.70050846468166],
      [212.01337014968703, 391.4162403700957]
    ],
    [
      [212.01337014968703, 391.4162403700957],
      [210.63217555587653, 393.60584115528854]
    ],
    [
      [210.63217555587653, 393.60584115528854],
      [206.92806278156968, 393.0584742357523],
      [205.6096497602084, 390.8687846992734],
      [199.89652666763504, 396.0383147500488]
    ],
    [
      [199.89652666763504, 396.0383147500488],
      [200.21043452986305, 400.05093935265086]
    ],
    [
      [200.21043452986305, 400.05093935265086],
      [192.48830111902316, 404.7915977613802],
      [190.1026013660794, 412.08167842958574]
    ],
    [
      [190.1026013660794, 412.08167842958574],
      [191.6721406772249, 413.11412272347206],
      [194.43452986484408, 408.80162765860223],
      [196.75744804534224, 411.65653144959106],
      [195.1251271617475, 413.35703936525533],
      [199.77096352274202, 414.1464883929739],
      [197.82473477692292, 414.8751697774496]
    ],
    [
      [197.82473477692292, 414.8751697774496],
      [199.51983723295962, 417.4252463503435],
      [196.12963232088077, 417.24311392128493]
    ],
    [
      [196.12963232088077, 417.24311392128493],
      [195.94128760354397, 418.70010490052664],
      [197.44804534224568, 419.00362499738276]
    ],
    [
      [197.44804534224568, 419.00362499738276],
      [195.56459816886854, 420.58182008905715],
      [193.0533352710354, 419.73204553489995]
    ],
    [
      [193.0533352710354, 419.73204553489995],
      [192.61386426391255, 422.34189818435607],
      [194.7484377270721, 423.9803865275744],
      [191.10710652521266, 424.52650538706894]
    ],
    [
      [191.10710652521266, 424.52650538706894],
      [188.5330620549339, 429.86517804402047],
      [182.2549048103465, 427.984748500392],
      [181.2503996512114, 430.8356205819982],
      [168.882429879377, 431.3814640793271],
      [168.31739572736478, 428.89466624138277],
      [164.48771980816673, 429.0159840053784],
      [165.806132829528, 423.0094543349296],
      [162.10202005522115, 420.82460304809047],
      [162.03923848277736, 419.61064482690017],
      [163.48321464903165, 419.79274548169815],
      [163.48321464903165, 417.4252463503435],
      [160.84638860630548, 418.2144586242257],
      [160.34413602673885, 414.8144478243212],
      [161.72533062054936, 413.11412272347206],
      [159.4651940124968, 412.6890081259626],
      [159.02572300537577, 410.6239761112429],
      [161.2858596134265, 410.19878339613115],
      [161.0975148960897, 406.9790340084901],
      [163.10652521435804, 406.7967611519771],
      [166.37116698154205, 403.4546571357514],
      [162.66705420723702, 401.2058681623266],
      [160.9719517511985, 397.98397844135616],
      [162.29036477255977, 393.60584115528854],
      [161.22307804098273, 393.2409323400534],
      [167.56401685801393, 379.18443596266206],
      [167.56401685801393, 376.01818125918635],
      [162.66705420723702, 378.6364835934446],
      [161.3486411858721, 377.41873186402245],
      [158.52347042580914, 380.8890341853412],
      [161.72533062054936, 384.23672467919187],
      [158.2723441360249, 386.06238744973234],
      [159.02572300537577, 389.71297204858456],
      [156.3888969626496, 388.2528567078998],
      [151.55471588431828, 390.2604745860044],
      [149.48292399360616, 388.37453901943263],
      [147.5366952477816, 390.5646330685595],
      [146.84609795087636, 389.5304662682738],
      [143.20476674901875, 390.80795492124525],
      [142.89085888678892, 387.76611649008464],
      [139.56343554715568, 387.64442869249433],
      [136.2987937799735, 384.1150050409251],
      [134.22700188925955, 383.99328430404785],
      [133.03415201278767, 378.9409043275364]
    ],
    [
      [133.03415201278767, 378.9409043275364],
      [130.4601075425071, 376.38355632823186],
      [130.14619968027728, 367.79461902912135],
      [124.49585816014951, 364.3818876633395],
      [119.03386135736037, 364.07713736454207],
      [116.83650632175522, 361.88273114652475],
      [120.28949280627603, 359.0172722638072]
    ],
    [
      [234.3008283679701, 435.1411242754448],
      [238.25606743205935, 429.80452308582244],
      [238.75832001162598, 425.3153049820057],
      [241.39514605435215, 425.19395417913165]
    ],
    [
      [241.39514605435215, 425.19395417913165],
      [237.8793779973821, 421.43154145056997],
      [240.76733032989068, 416.33241509511936],
      [245.5387298357782, 417.00026687887475],
      [248.92893474785524, 415.0573340054616],
      [247.17105071937112, 410.4417522956919],
      [241.9601802063662, 408.133371798127]
    ],
    [
      [241.9601802063662, 408.133371798127],
      [241.39514605435215, 406.3714482781352],
      [247.35939543670975, 402.96846416096105]
    ],
    [
      [247.35939543670975, 402.96846416096105],
      [249.18006103763764, 402.9076888108357],
      [249.11727946519204, 404.06237379181675],
      [250.56125563144815, 402.2391419423511]
    ],
    [
      [250.56125563144815, 402.2391419423511],
      [251.6913239354726, 403.51543002940525],
      [252.8841738119445, 402.421476182516],
      [251.5657607905796, 401.0843013523736]
    ],
    [
      [251.5657607905796, 401.0843013523736],
      [252.7586106670533, 401.9960257997136],
      [253.38642639151112, 400.9019490889441],
      [252.8841738119445, 397.8015843663461]
    ],
    [
      [252.8841738119445, 397.8015843663461],
      [255.26987356488644, 402.4822537165401],
      [257.9066996076126, 400.598023186868],
      [259.66458363609854, 403.4546571357514],
      [261.6735939543669, 401.69212447775317],
      [263.8081674175264, 402.8469131877382],
      [265.87995930823854, 400.1725154504593],
      [265.75439616334734, 396.1599269363969],
      [268.2656590611823, 387.7052727284545],
      [275.548321464903, 386.6708868037631],
      [276.36448190669944, 389.04377212371946],
      [279.31521581165543, 391.05127238910063]
    ],
    [
      [279.31521581165543, 391.05127238910063],
      [279.81746839122025, 388.55706042971997],
      [283.6471443104183, 386.36664055737674],
      [288.73245167853383, 386.6708868037631]
    ],
    [
      [288.73245167853383, 386.6708868037631],
      [293.12716174974594, 383.20207273270535],
      [292.05987501816526, 379.367081800483]
    ],
    [
      [292.05987501816526, 379.367081800483],
      [293.69219590175817, 376.7489214847674],
      [292.12265659060904, 372.91209278743463]
    ],
    [
      [293.50385118441955, 370.7191281079877],
      [299.3425374218841, 371.08464704148537],
      [303.2349949135296, 368.7085964276748],
      [307.37857869495565, 369.37880704537383],
      [310.140967882573, 374.19115718488047],
      [317.86310129341655, 380.52378128791224],
      [318.7420433076568, 384.96701944043434],
      [323.2623165237601, 390.6254639428289],
      [318.6164801627656, 404.73083059777946],
      [321.06496148815495, 403.69774707290617],
      [322.25781136462683, 405.88536006268623],
      [324.5807295451232, 405.399254394295],
      [323.7645691033267, 407.89036149238564],
      [322.32059293707243, 407.6473468262757],
      [320.1860194739129, 413.7214061669865],
      [317.4864118587411, 414.6930031023421],
      [317.4864118587411, 417.06097904702983],
      [315.97965412004123, 418.1537516175349],
      [316.85859613428147, 420.15693946198826],
      [312.4638860630712, 424.2231087313339],
      [311.3338177590467, 427.2567704498442],
      [304.0511553553242, 433.2007842240764],
      [298.08690597296845, 434.89859689804325],
      [298.21246911785965, 437.0205649492591],
      [300.03313471878937, 438.0511158223935],
      [298.08690597296845, 437.9904973417615],
      [297.270745531172, 442.0513391893337],
      [295.8895509373633, 441.20290510413633],
      [292.7504723150705, 444.29337505278545],
      [281.26144455747635, 446.2321357964747],
      [276.55282662403624, 449.3214662256005],
      [273.9787821537557, 452.47065181315884],
      [274.3554715884311, 457.1325353455959],
      [273.41374800174344, 461.12717002754925],
      [272.22089812526974, 461.55077495405476],
      [269.39572736520677, 459.2510475957015],
      [270.46301409678745, 456.76932884100916],
      [266.6333381775894, 454.89260807315077],
      [266.382211887807, 452.77341983773385],
      [268.2656590611823, 451.8045385247724],
      [267.57506176427705, 451.0172718241138],
      [264.93823572154906, 452.1073213210939],
      [264.8126725766597, 454.1055194001556],
      [260.16683621566517, 455.5585707587834],
      [248.7405900305166, 451.0172718241138],
      [247.48495858159913, 453.92387711097035],
      [246.29210870512907, 451.25951256787994],
      [241.9601802063662, 449.56373706980776],
      [242.0857433512556, 447.3225676026095],
      [238.06772271472073, 447.14083502197354],
      [237.8793779973821, 444.475145583674],
      [236.43540183112782, 445.2022034744923],
      [232.29181804969994, 442.536134951094],
      [231.85234704258073, 443.687455778826],
      [229.7805551518668, 442.71792891583755],
      [229.6549920069756, 441.14230064796357],
      [234.86586251998233, 438.172351974149],
      [234.3008283679701, 435.1411242754448]
    ],
    [
      [230.91062345589125, 402.1175844171112],
      [231.4128760354597, 403.94083264369783],
      [225.07193721842668, 401.6313433941523],
      [223.18849004505137, 398.5919409206381]
    ],
    [
      [223.18849004505137, 398.5919409206381],
      [224.63246621130565, 398.16637005568646],
      [230.91062345589125, 402.1175844171112]
    ],
    [
      [220.740008719662, 324.70615000490943],
      [224.0674320592916, 324.40049543606256],
      [228.27379741316508, 329.2901288530402]
    ],
    [
      [232.6685074843772, 328.12900305540643],
      [235.11698880976473, 329.2901288530402],
      [234.67751780264553, 336.49907258907115]
    ],
    [
      [243.09024851038885, 336.6823001511757],
      [247.61052172649215, 340.712671645776],
      [256.4627234413583, 342.97159141489465],
      [257.090539165818, 350.3562101666039]
    ],
    [
      [273.1626217119574, 359.931846849694],
      [276.74117134137487, 357.12695399301265],
      [279.252434239208, 360.2976592426867]
    ],
    [
      [279.252434239208, 360.2976592426867],
      [288.73245167853383, 363.2237997570328],
      [293.56663275686515, 376.01818125918635],
      [292.05987501816526, 379.367081800483]
    ],
    [
      [292.05987501816526, 379.367081800483],
      [293.0643801772967, 383.26293680952404],
      [288.73245167853383, 386.6708868037631]
    ],
    [
      [288.73245167853383, 386.6708868037631],
      [281.5753524197062, 387.4010498052412],
      [279.31521581165543, 391.05127238910063]
    ],
    [
      [252.8841738119445, 397.8015843663461],
      [253.13530010172872, 401.8136858257312],
      [251.5657607905796, 401.0843013523736]
    ],
    [
      [251.5657607905796, 401.0843013523736],
      [252.8213922394989, 402.54303097755746],
      [251.06350821101478, 403.94083264369783],
      [250.56125563144815, 402.2391419423511]
    ],
    [
      [247.35939543670975, 402.96846416096105],
      [241.58349077168896, 406.3714482781352],
      [235.68202296177878, 404.4269906875834]
    ],
    [
      [235.68202296177878, 404.4269906875834],
      [234.42639151285948, 407.6473468262757],
      [229.5294288620844, 407.58659247840023]
    ],
    [
      [229.5294288620844, 407.58659247840023],
      [229.96889986920178, 405.5207824477602],
      [232.856852201714, 403.94083264369783]
    ],
    [
      [232.856852201714, 403.94083264369783],
      [232.6685074843772, 399.62541440348105],
      [228.27379741316508, 397.49758877275235],
      [226.07644237755994, 393.90992430507686],
      [220.8655718645532, 396.8287744020681]
    ],
    [
      [220.8655718645532, 396.8287744020681],
      [216.84755122801835, 395.12618846757505],
      [218.9821246911779, 391.78119848718234],
      [221.55616916145846, 391.84202388112317]
    ],
    [
      [221.55616916145846, 390.19964206721215],
      [226.20200552245115, 387.76611649008464],
      [225.07193721842668, 384.297584086361]
    ],
    [
      [225.07193721842668, 384.297584086361],
      [221.74451387879526, 383.50639036956363],
      [221.80729545124086, 380.8281593898246]
    ],
    [
      [221.80729545124086, 380.8281593898246],
      [209.43932567940647, 371.5719901735147],
      [202.3450079930244, 362.9799790574916],
      [206.04912076732944, 362.06561202220746]
    ],
    [
      [214.02238046795537, 344.3145522222758],
      [215.78026449643767, 342.0558590762039],
      [208.93707309983802, 336.8044504645577],
      [211.6366807150116, 329.10679991234156]
    ],
    [
      [215.0896671995324, 327.21225346915344],
      [217.6009300973692, 322.4441403746914]
    ],
    [
      [212.01337014968703, 391.4162403700957],
      [215.40357506176224, 392.6327290740455],
      [216.97311437290955, 395.30861864944836],
      [220.8655718645532, 396.8287744020681]
    ],
    [
      [220.8655718645532, 396.8287744020681],
      [224.38133992152143, 393.9707401136866],
      [226.955384391802, 394.1531858969438],
      [228.21101584071948, 397.37598862118193],
      [233.04519691905261, 400.23330308954246],
      [232.856852201714, 403.94083264369783]
    ],
    [
      [229.5294288620844, 407.58659247840023],
      [234.23804679552268, 407.7081009016074],
      [235.68202296177878, 404.4269906875834]
    ],
    [
      [235.68202296177878, 404.4269906875834],
      [237.18878070047867, 404.54852747012137],
      [240.6417671850013, 405.70307248245535],
      [241.9601802063662, 408.133371798127]
    ],
    [
      [241.9601802063662, 408.133371798127],
      [246.10376398779044, 409.4698505536435],
      [248.7405900305166, 412.38534667929616],
      [248.04999273361318, 416.1502679926898],
      [240.83011190233992, 416.2716996660856],
      [238.00494114227513, 421.1280756411097],
      [241.39514605435215, 425.19395417913165]
    ],
    [
      [234.3008283679701, 435.1411242754448],
      [234.23804679552268, 438.9603606542987],
      [230.72227873855445, 440.41502614635283],
      [229.08995785496336, 438.8391315172885],
      [224.75802935619686, 439.6271016213377],
      [221.99564016857948, 441.566526180628],
      [221.36782444411983, 439.26342877615934],
      [222.3095480308075, 438.6572857884985],
      [218.9821246911779, 433.80717021139935],
      [218.9821246911779, 431.74534757460515],
      [216.0941723586675, 432.4730853633446],
      [208.62316523761183, 428.28806118145803],
      [207.49309693358373, 432.89758109567447],
      [203.22395000726647, 435.32301697246476],
      [201.2777212614419, 433.8678073238607],
      [198.51533207382636, 435.74742381295164],
      [197.44804534224568, 432.1698660160737],
      [194.8740008719651, 433.26142403892845],
      [189.53756721406535, 431.13886967394046],
      [191.10710652521266, 424.52650538706894]
    ],
    [
      [193.0533352710354, 419.73204553489995],
      [195.69016131375975, 420.52112367083555],
      [197.44804534224568, 419.00362499738276]
    ],
    [
      [196.12963232088077, 417.24311392128493],
      [197.8875163493667, 418.0930443392399],
      [199.70818195029824, 416.57527409361137],
      [197.82473477692292, 414.8751697774496]
    ],
    [
      [190.1026013660794, 412.08167842958574],
      [191.7349222496723, 409.6520874410553],
      [192.11161168434774, 405.6423094102838],
      [200.21043452986305, 400.05093935265086]
    ],
    [
      [199.89652666763504, 396.0383147500488],
      [205.98633919488202, 391.05127238910063],
      [206.99084435401892, 393.0584742357523],
      [210.63217555587653, 393.60584115528854]
    ],
    [
      [230.91062345589125, 402.1175844171112],
      [224.25577677663023, 398.10557312430956],
      [223.18849004505137, 398.5919409206381]
    ],
    [
      [60.20752797558271, 149.3260263519005],
      [61.08646998982658, 147.52931408944187],
      [62.9699171632019, 148.21085498222965],
      [65.8578694957123, 145.29856574835594]
    ],
    [
      [65.8578694957123, 145.29856574835594],
      [67.17628251707356, 145.91825662509564],
      [69.81310855979973, 147.9010681142081]
    ],
    [
      [70.50370585670498, 151.98965828442033],
      [70.00145327713835, 155.51967549915207],
      [70.94317686382783, 156.94379627325634]
    ],
    [
      [70.94317686382783, 156.94379627325634],
      [76.21682894928017, 157.6248422314793],
      [79.04199970934314, 164.92836023498148]
    ],
    [
      [79.04199970934314, 164.92836023498148],
      [78.16305769510109, 170.74347864979973],
      [69.1225112628963, 177.42146865018003]
    ],
    [
      [65.8578694957123, 182.79846922690103],
      [64.35111175701059, 189.0997133818737]
    ],
    [
      [64.35111175701059, 189.0997133818737],
      [51.10419997093413, 186.0730253893289],
      [39.175701206218946, 186.93786510597965]
    ],
    [
      [39.175701206218946, 186.93786510597965],
      [37.041127743059405, 189.28499798280245],
      [33.525359686093, 189.28499798280245],
      [29.758465339338727, 185.33168851936898]
    ],
    [
      [12.493532916725599, 176.9269202807336],
      [13.058567068739649, 165.2996157937141],
      [10.107833163783653, 160.4105670423478],
      [11.175119895362513, 154.4669639463864],
      [9.793925301553827, 153.59996082578436],
      [8.036041273067895, 156.32463254617505],
      [7.973259700624112, 153.4141668974753],
      [4.269146926317262, 146.84773732110716],
      [4.3319284987628635, 144.74081859127818],
      [1.3811945938086865, 143.9971183230864],
      [-1.8189894035458565e-12, 141.45581984199998],
      [2.3229181804963446, 139.59601679328898],
      [3.7668943467506324, 134.82129741826793],
      [4.018020636534857, 126.63195624141554],
      [5.964249382353955, 121.41785036107285],
      [4.959744223222515, 118.81000654696709],
      [7.282662403718859, 110.61048763089002],
      [16.8254614154921, 110.54835012993317],
      [21.220171486700565, 107.62754906401369],
      [29.005086469989692, 108.80837827489904],
      [31.704694085161464, 111.85317465583285],
      [33.14867025141393, 111.54251414737337],
      [34.341520127887634, 105.01691028172718],
      [38.92457491643654, 98.23920662443379],
      [35.15768056968409, 96.37315593396124],
      [35.28324371457529, 93.51135134956803],
      [45.76776631303437, 77.63540727974123],
      [48.78128179043597, 76.14018728572955],
      [54.871094317684765, 76.26479562384247],
      [58.512425519546014, 72.89994448949892],
      [60.709780555152975, 73.8347141329441],
      [65.04170905391584, 72.21440333229657],
      [67.17628251707356, 73.39849679982672],
      [69.43641912512794, 70.40689138652942],
      [73.07775032698555, 69.16018253359562],
      [74.39616334834864, 65.48168277135574],
      [81.49048103473069, 63.5484872172965],
      [83.24836506321844, 56.68639812434776],
      [87.07804098241468, 53.8781159181608],
      [85.32015695392874, 45.51200984304796],
      [91.40996948117936, 41.51431794265227],
      [86.07353582328142, 37.01541298545908],
      [89.77764859758645, 29.388632877960845],
      [94.73739282081078, 27.70012005166336],
      [98.50428716756323, 31.076921275755012],
      [106.10085743351192, 31.076921275755012],
      [106.66589158552415, 34.015258663831446],
      [109.55384391803454, 34.015258663831446],
      [109.99331492515375, 38.640201089072434],
      [112.00232524342209, 39.01512271819411],
      [115.64365644528334, 37.515369893862044],
      [117.02485103909021, 35.1403994981365],
      [126.1909606161862, 35.515424315745804],
      [132.53189943322104, 26.887052316034897],
      [137.993896236012, 26.44922504594342],
      [143.45589303880115, 29.701295806165035],
      [146.46940851620457, 35.26540899979682],
      [145.96715593663612, 39.57748444518165],
      [152.62200261589896, 42.951132984409924],
      [150.6129922976288, 49.75818290222651],
      [151.24080802208846, 58.37107075486074],
      [150.11073971806218, 64.23449332325436],
      [145.33934021217647, 66.7287504786591],
      [142.13748001743625, 65.66875068724767],
      [136.04766749018745, 67.41458584313568],
      [130.4601075425071, 75.64174179990096],
      [128.19997093445636, 74.95634755404717],
      [118.46882720534813, 77.63540727974123]
    ],
    [
      [96.18136898706507, 281.90740261924657],
      [98.75541345734564, 288.65169085370417],
      [94.92573753814577, 291.53229553188885]
    ],
    [
      [96.05580584217387, 299.7416526855777],
      [95.99302426972645, 303.10969690592447],
      [94.42348495858096, 305.19133388663613],
      [78.35140241243789, 312.4133128758376]
    ],
    [
      [78.35140241243789, 312.4133128758376],
      [77.84914983287308, 318.8975152978337]
    ],
    [
      [77.84914983287308, 318.8975152978337],
      [81.30213631739389, 321.52700016948165],
      [86.19909896817262, 322.4441403746914]
    ],
    [
      [133.03415201278767, 378.9409043275364],
      [135.0431623310542, 384.84530639290915],
      [129.45560238337202, 385.02787555233044],
      [126.56765005086345, 388.8004184705751],
      [122.800755704111, 387.9486461290535],
      [117.02485103909021, 383.5672530727916],
      [116.08312745240255, 378.88002073097414],
      [105.34747856416288, 375.53099907895376],
      [103.46403139078575, 371.6938231986069],
      [100.32495276849113, 369.8052873240931],
      [85.25737538148314, 365.8445929124673],
      [83.81339921522886, 362.3094493168801],
      [76.15404737683457, 361.8217703013297],
      [77.28411568085903, 358.1026353724819],
      [73.6427844789996, 356.7000710855691],
      [72.32437145763652, 354.0164960882885],
      [55.938381049265445, 350.9053167569946],
      [53.238773434091854, 356.212188278183],
      [50.41360267402888, 357.2489180441571],
      [49.53466065978682, 355.90725251583353],
      [50.727510536258706, 352.3084869902259],
      [44.951605871237916, 346.0846129896281],
      [43.884319139659056, 341.93375669782836],
      [37.92006975730146, 338.5755046543718],
      [30.197936346461574, 338.39230302607666],
      [30.00959162912295, 330.75666979838843],
      [33.839267548319185, 326.29544092866945],
      [34.02761226565781, 320.3651986989844],
      [31.893038802500087, 317.55199688839],
      [30.323499491350958, 319.20329599682555],
      [29.88402848422993, 316.0228337950648],
      [27.37276558639678, 313.75935029530956],
      [26.431041999709123, 308.9864216480073],
      [27.184420869058158, 307.0890130914695],
      [24.359250108995184, 302.31369074612394],
      [25.489318413019646, 300.7215354053624],
      [22.287458218281245, 299.86414197733757],
      [22.978055515186497, 297.7816704134111],
      [21.345734631593587, 295.94392432688255],
      [22.161895073388223, 291.96126824867497],
      [25.552099985467066, 287.7322172187569],
      [24.422031681440785, 286.6287646837309],
      [25.11262897834422, 284.4828995501357],
      [29.821246911786147, 282.33668687918544],
      [28.31448917308626, 278.8406817461482],
      [26.870513006828332, 279.147385796884],
      [26.2426972823705, 275.7732503160105],
      [27.87501816596341, 275.71189443487856],
      [27.561110303731766, 272.76647745175615],
      [30.888533643365008, 270.74112270233127],
      [29.067868042435293, 269.0837834554186],
      [29.3189943322177, 264.47897238832684],
      [26.74494986193713, 261.59247227600645],
      [27.121639296612557, 259.38110904604673],
      [25.300973695682842, 259.8725551217767],
      [21.722424066269014, 257.2922589725831],
      [22.726929225402273, 254.28127532910185],
      [21.97355035605142, 248.93354784960866],
      [26.368260427261703, 242.7225416404508],
      [32.206946664726274, 252.5604044547299]
    ],
    [
      [32.206946664726274, 252.5604044547299],
      [40.117424792906604, 257.1079327905554],
      [43.50762970498363, 262.5751814642181]
    ]
  ],
  "bbox": [
    -1.8189894035458565e-12, 26.44922504594342, 431.9999999999982,
    461.55077495405476
  ]
}
