{
  "type": "Topology",
  "objects": {
    "districts": {
      "type": "GeometryCollection",
      "geometries": [
        {
          "type": "Polygon",
          "arcs": [[0, 1, 2, 3]],
          "properties": {
            "dt_code": "297",
            "district": "Ribhoi",
            "st_code": "17",
            "year": "2011_c",
            "st_nm": "Meghalaya"
          }
        },
        {
          "type": "Polygon",
          "arcs": [[-3, 4, 5, 6, 7, 8, 9, 10, 11, 12, 13]],
          "properties": {
            "dt_code": "296",
            "district": "West Khasi Hills",
            "st_code": "17",
            "year": "2011_c",
            "st_nm": "Meghalaya"
          }
        },
        {
          "type": "Polygon",
          "arcs": [[14, 15]],
          "properties": {
            "dt_code": "714",
            "district": "East Jaintia Hills",
            "st_code": "17",
            "year": "update2014",
            "st_nm": "Meghalaya"
          }
        },
        {
          "type": "Polygon",
          "arcs": [[-2, 16, 17, 18, -5]],
          "properties": {
            "dt_code": "298",
            "district": "East Khasi Hills",
            "st_code": "17",
            "year": "2011_c",
            "st_nm": "Meghalaya"
          }
        },
        {
          "type": "Polygon",
          "arcs": [[-7, 19, 20, 21, 22]],
          "properties": {
            "dt_code": "295",
            "district": "South Garo Hills",
            "st_code": "17",
            "year": "2011_c",
            "st_nm": "Meghalaya"
          }
        },
        {
          "type": "Polygon",
          "arcs": [[-22, 23, 24, 25, 26, 27]],
          "properties": {
            "dt_code": "293",
            "district": "West Garo Hills",
            "st_code": "17",
            "year": "2011_c",
            "st_nm": "Meghalaya"
          }
        },
        {
          "type": "Polygon",
          "arcs": [[-11, 9, -9, 7, -23, -28, 28]],
          "properties": {
            "dt_code": "294",
            "district": "East Garo Hills",
            "st_code": "17",
            "year": "2011_c",
            "st_nm": "Meghalaya"
          }
        },
        {
          "type": "Polygon",
          "arcs": [[-1, 29, -16, 30, -17]],
          "properties": {
            "dt_code": "299",
            "district": "West Jaintia Hills",
            "st_code": "17",
            "year": "2011_c",
            "st_nm": "Meghalaya"
          }
        },
        {
          "type": "Polygon",
          "arcs": [[-6, -19, 31, -20]],
          "properties": {
            "dt_code": "713",
            "district": "South West Khasi Hills",
            "st_code": "17",
            "year": "update2014",
            "st_nm": "Meghalaya"
          }
        },
        {
          "type": "Polygon",
          "arcs": [[-13, 11, -29, -27, 32]],
          "properties": {
            "dt_code": "712",
            "district": "North Garo Hills",
            "st_code": "17",
            "year": "update2014",
            "st_nm": "Meghalaya"
          }
        },
        {
          "type": "Polygon",
          "arcs": [[-25, 33]],
          "properties": {
            "dt_code": "711",
            "district": "South West Garo Hills",
            "st_code": "17",
            "year": "update2014",
            "st_nm": "Meghalaya"
          }
        }
      ]
    }
  },
  "arcs": [
    [
      [338.10352941176643, 228.68262245133928],
      [338.0400000000027, 228.78839704212123],
      [338.357647058825, 232.91315025669246],
      [337.658823529413, 231.59121072888502],
      [336.3882352941182, 233.0717768687773],
      [335.9435294117666, 233.54764882368772],
      [335.181176470589, 233.54764882368772]
    ],
    [
      [335.181176470589, 233.54764882368772],
      [292.0447058823538, 233.0717768687773],
      [291.2188235294143, 228.3124067791823]
    ],
    [
      [291.2188235294143, 228.3124067791823],
      [289.63058823529354, 223.18153757395157],
      [288.4870588235299, 219.31925328459874],
      [288.29647058823684, 218.7371975266028],
      [283.341176470587, 217.3613588269609],
      [282.6423529411786, 216.67340228752482],
      [285.31058823529565, 209.52777115938943],
      [279.7835294117649, 203.65046644048334],
      [273.68470588235505, 204.8154818200901],
      [272.28705882353097, 207.25119268570415],
      [266.7600000000002, 205.71567213771868],
      [264.60000000000036, 207.35708609043013],
      [256.2776470588251, 206.08632636682387],
      [237.66352941176592, 209.89835121034366],
      [232.51764705882306, 209.10424227537987],
      [231.81882352941284, 207.51592509352622],
      [224.38588235294264, 207.03940410975292],
      [222.28941176470653, 205.29205846758123],
      [220.8282352941169, 202.96201473428937],
      [219.93882352941182, 201.47911105175854]
    ],
    [
      [219.93882352941182, 201.47911105175854],
      [225.08470588235468, 200.57872026326822],
      [232.45411764705932, 199.25453870580304],
      [235.75764705882466, 201.637999118901],
      [238.36235294117614, 198.83078112691874],
      [244.96941176470682, 197.2945806984867],
      [240.01411764706063, 196.12910441964777],
      [241.34823529411915, 193.05614229654748],
      [244.2705882352966, 193.37405799308863],
      [244.39764705882408, 190.6716048239664],
      [249.03529411764976, 186.90872498603585],
      [244.14352941176548, 189.71770592557186],
      [244.07999999999993, 187.65076039260794],
      [246.55764705882393, 185.53058216437012],
      [246.30352941176716, 182.34986998497334],
      [251.0682352941203, 179.59282059324823],
      [255.26117647059073, 170.523535401549],
      [257.80235294117847, 172.96365397338832],
      [262.63058823529536, 172.32713168310238],
      [261.9317647058833, 178.00203248032403],
      [264.02823529411944, 181.66064527488743],
      [262.4400000000005, 185.0005005483149],
      [259.8352941176472, 184.68244446104381],
      [259.51764705882306, 185.9016304738766],
      [265.61647058823655, 190.9365682288808],
      [268.34823529412097, 191.25451943085454],
      [274.5741176470601, 184.84147317201086],
      [274.89176470588427, 184.04631626920718],
      [275.65411764706005, 181.97875210434904],
      [275.8447058823549, 181.34253310121312],
      [275.90823529411864, 179.43374779943224],
      [275.9717647058824, 170.25828612981468],
      [277.11529411764786, 166.38522237316602],
      [283.7858823529423, 161.44989348157515],
      [285.81882352941284, 162.1398558250271],
      [290.77411764705903, 156.6194496208841],
      [290.9647058823539, 156.72562653600335],
      [298.5247058823534, 160.06989302429292],
      [296.80941176470697, 169.09114507482764],
      [299.0964705882361, 171.63754167131947],
      [303.67058823529624, 172.53930816213597],
      [302.9717647058824, 174.44878928867183],
      [303.0988235294117, 174.60790400929227],
      [304.3694117647083, 176.09291016772158],
      [306.0847058823547, 173.865357188095],
      [313.6447058823542, 171.6905879504052],
      [314.40705882353177, 169.62167267834593],
      [323.491764705881, 170.57658480890586],
      [330.0988235294117, 167.92393187300468],
      [335.181176470589, 168.71976688322547],
      [340.5176470588249, 163.3604965831978],
      [341.0258823529439, 163.67891161288208],
      [341.53411764706107, 164.05038901978332],
      [342.67764705882473, 164.84638739955062],
      [347.1882352941193, 165.16477734688488],
      [354.04941176470857, 165.27090613525797],
      [355.5741176470601, 165.27090613525797],
      [354.30352941176534, 166.43828340981236],
      [354.30352941176534, 166.54440503553633],
      [354.1129411764723, 170.523535401549],
      [341.40705882352995, 179.4867722125946],
      [339.7552941176491, 180.6532717219734],
      [338.10352941176643, 184.78846374998693],
      [339.31058823529384, 187.43875323992324],
      [338.357647058825, 190.14166691294668],
      [338.42117647058876, 190.14166691294668],
      [341.40705882352995, 190.77759062994573],
      [344.13882352941255, 188.9757513959521],
      [345.28235294117803, 190.9365682288808],
      [348.6494117647071, 190.45963143583867],
      [341.66117647058854, 196.34101451566994],
      [341.7247058823541, 199.7312546911685],
      [337.9129411764716, 205.34501069187536],
      [337.4047058823544, 212.38634495464976],
      [339.43764705882313, 217.2555209733723],
      [336.8964705882354, 221.32985487509586],
      [336.8964705882354, 221.38276258544101],
      [336.8964705882354, 221.38276258544101],
      [336.96000000000095, 221.43567014926703],
      [338.4847058823525, 224.92724553206517],
      [338.6117647058836, 227.78351482151675],
      [338.10352941176643, 228.68262245133928]
    ],
    [
      [291.2188235294143, 228.3124067791823],
      [290.9647058823539, 228.52395946889965],
      [288.29647058823684, 230.692239720649],
      [287.0894117647076, 238.62288121440588],
      [284.357647058825, 241.7942194962593],
      [277.4329411764702, 244.11953455479943],
      [271.0164705882362, 251.99180723306472],
      [268.2847058823536, 252.62567554668976],
      [266.6329411764709, 251.6748652441811],
      [265.9341176470607, 247.87115389551127],
      [249.73411764705997, 254.36870575025887],
      [250.8141176470599, 259.06881882778725],
      [250.432941176472, 259.1216225721005]
    ],
    [
      [250.432941176472, 259.1216225721005],
      [247.89176470588245, 259.49124473081065],
      [246.17647058823604, 263.2926613278746],
      [236.0752941176488, 263.02869827883796],
      [227.88000000000284, 262.8175252384003],
      [216.06352941176374, 265.08751427408106],
      [212.44235294117607, 270.259980224203],
      [210.15529411764692, 270.68216118422333],
      [204.69176470588172, 262.2367874535753],
      [203.54823529411806, 264.4540558314029],
      [201.57882352941306, 262.39517222026416],
      [199.0376470588235, 262.39517222026416],
      [197.38588235294264, 264.5068448293414],
      [195.79764705882553, 261.6032353765563],
      [186.71294117647267, 266.40715257672355],
      [188.04705882352937, 270.0488862843026],
      [191.28705882352915, 272.31802528027947],
      [184.2988235294124, 278.9128475970142],
      [185.56941176470718, 283.34330604851175],
      [185.06117647058818, 283.76520162682755],
      [183.72705882353148, 285.03083325599073],
      [178.58117647058862, 281.4446622451014],
      [174.8964705882372, 282.02482315082807],
      [169.75058823529616, 275.5365794827767],
      [169.30588235294272, 277.8050745577193],
      [167.14588235294286, 278.9128475970142],
      [167.78117647058934, 281.8665991726225],
      [160.2847058823536, 279.96781060114927],
      [155.7105882352953, 283.5542549858933],
      [152.0894117647058, 283.396043498155],
      [148.08705882353206, 286.98185347149683]
    ],
    [
      [148.08705882353206, 286.98185347149683],
      [148.0235294117665, 287.03458102309787],
      [148.0235294117665, 286.98185347149683],
      [148.9129411764734, 280.8644839602357],
      [147.96000000000095, 279.38758806331634],
      [143.51294117647012, 277.277541298507],
      [139.00235294117738, 278.01608383476014],
      [134.87294117647252, 275.4838206180675],
      [137.15999999999985, 269.521141341917],
      [135.95294117647063, 267.410017346157],
      [136.84235294117752, 265.0347268648593],
      [135.3811764705897, 264.03173864768496],
      [136.5882352941171, 262.8175252384003],
      [138.55764705882393, 263.97894834965655],
      [140.90823529411864, 261.39204672450614],
      [138.55764705882393, 261.1808557589907],
      [140.90823529411864, 258.4879680894014],
      [140.9717647058842, 255.10812542238955],
      [136.77882352941378, 248.08249093679024],
      [136.90588235294308, 247.81831927209214]
    ],
    [
      [136.90588235294308, 247.81831927209214],
      [136.90588235294308, 247.81831927209214]
    ],
    [
      [136.90588235294308, 247.81831927209214],
      [138.30352941176534, 243.74961690606506],
      [139.76470588235497, 242.74551879030514],
      [140.5905882352945, 245.070718647823],
      [142.432941176472, 242.00562341383238],
      [142.49647058823575, 242.00562341383238]
    ],
    [
      [142.49647058823575, 242.00562341383238],
      [142.49647058823575, 242.00562341383238]
    ],
    [
      [142.49647058823575, 242.00562341383238],
      [144.33882352941146, 244.01384452516913],
      [145.86352941176483, 241.74136815303564],
      [153.16941176470755, 238.940038634928],
      [168.98823529411857, 217.20260182649554],
      [162.8894117647087, 215.35033923178935]
    ],
    [
      [162.8894117647087, 215.35033923178935],
      [162.8894117647087, 215.35033923178935]
    ],
    [
      [162.8894117647087, 215.35033923178935],
      [163.07999999999993, 213.97425631615351],
      [163.33411764705852, 212.49220982610768],
      [165.17647058823604, 211.69820896097553],
      [168.79764705882553, 207.67476277188507],
      [171.5294117647063, 204.02116088835237],
      [171.6564705882356, 204.02116088835237],
      [172.4188235294132, 204.07411664857773]
    ],
    [
      [172.4188235294132, 204.07411664857773],
      [173.0541176470615, 204.12707226144312],
      [178.136470588237, 200.26092510019134],
      [178.26352941176447, 200.15499219882986],
      [178.32705882353002, 200.1020255268254],
      [182.71058823529347, 199.51938239571882],
      [181.75764705882648, 201.796885858741],
      [178.39058823529558, 203.33272259449814],
      [180.29647058823502, 204.65662028585166],
      [188.7458823529414, 202.750178428259],
      [192.68470588235323, 199.89015736325473],
      [197.38588235294264, 200.94947457429225],
      [199.6729411764718, 198.14215491122832],
      [200.81647058823546, 201.05540304979831],
      [198.27529411764954, 205.08024809737117],
      [197.13176470588223, 211.64527439414132],
      [198.91058823529602, 216.40879701511267],
      [203.54823529411806, 220.48331158062],
      [211.0447058823538, 215.985420947502],
      [219.87529411764626, 201.47911105175854],
      [219.87529411764626, 201.47911105175854],
      [219.93882352941182, 201.47911105175854]
    ],
    [
      [398.39294117647114, 261.76162534748664],
      [399.98117647059007, 260.65286822275357],
      [400.23529411764866, 260.70566762715725],
      [400.2988235294106, 260.70566762715725],
      [402.6494117647071, 261.6032353765563],
      [403.7929411764726, 270.0488862843026],
      [406.84235294117934, 268.6767194392596],
      [406.5247058823552, 266.61828633179357],
      [408.55764705882393, 269.36281504739736],
      [410.5905882352963, 266.8294177774246],
      [411.73411764706, 271.15710373720003],
      [413.4494117647064, 269.9433384493145],
      [419.865882352944, 276.59172655874],
      [422.78823529411966, 275.4838206180675],
      [421.9623529411783, 277.1720329208024],
      [424.50352941176425, 281.1282035170975],
      [429.1411764705899, 282.8686625421633],
      [430.6658823529415, 290.9887389898654],
      [427.23529411764866, 293.30813676991284],
      [428.569411764709, 294.88938553577873],
      [426.28235294117803, 296.7340131207666],
      [427.6800000000021, 299.4215856846231],
      [432.0000000000018, 301.7399773390275],
      [428.3152941176468, 304.26881688763706],
      [423.4870588235317, 303.162490011101],
      [416.4352941176476, 307.5347486224823],
      [411.98823529411675, 307.9561192891597],
      [410.90823529411864, 311.3794183142818],
      [406.90588235294126, 314.11762493116976],
      [405.95294117647063, 317.8030657304157],
      [391.5952941176474, 313.9070072960494],
      [391.5952941176474, 313.9596619179438],
      [391.5952941176474, 314.27558666578125],
      [391.72235294117854, 316.01308137697197],
      [394.0729411764696, 320.3298232415468],
      [385.62352941176687, 318.8032796547791],
      [384.28941176470653, 325.4349823132193],
      [382.1294117647085, 327.5398146254465],
      [383.2094117647066, 330.1705368161538],
      [380.0329411764724, 328.90783427113],
      [377.6188235294121, 331.380550379115],
      [365.92941176470595, 328.11860383331486],
      [364.2776470588233, 323.01414519715036],
      [359.0682352941185, 324.64561182344687],
      [346.2988235294142, 318.329500495769],
      [348.522352941176, 317.223971099741],
      [344.9647058823539, 316.1710277734319]
    ],
    [
      [344.9647058823539, 316.1710277734319],
      [348.58588235294155, 310.06283598035134],
      [349.9835294117638, 304.2161360809864],
      [347.76000000000204, 300.21197751751515],
      [345.7270588235315, 299.8431319925053],
      [344.90117647059014, 289.5126142800618],
      [340.8352941176472, 282.4467474410949],
      [341.2164705882369, 279.5985800890835],
      [354.8752941176481, 272.84569383848293],
      [370.0588235294126, 271.26264494134284],
      [381.17647058823786, 268.72949688987865],
      [387.2752941176477, 265.56259445875276],
      [393.43764705882495, 266.6710694097055],
      [394.9623529411765, 262.8703187152887],
      [395.1529411764732, 262.923112047657],
      [398.01176470588325, 263.18707654177797],
      [398.0752941176488, 263.1342839319732],
      [398.2023529411781, 263.02869827883796],
      [398.39294117647114, 261.76162534748664]
    ],
    [
      [335.181176470589, 233.54764882368772],
      [335.3082352941201, 233.86489022653586],
      [335.37176470588383, 233.86489022653586],
      [336.0070588235285, 236.0854329925137],
      [331.24235294117534, 246.18037389223764],
      [332.51294117647194, 249.03347886902475],
      [329.7811764705875, 257.1149785406383],
      [331.8141176470599, 260.8112660020897],
      [329.7176470588256, 264.03173864768496],
      [332.38588235294264, 270.5238444053721],
      [330.73411764705816, 272.4235601443743],
      [332.195294117646, 275.4310616094431],
      [332.0682352941185, 282.39400740737165],
      [333.27529411764954, 283.1850928383292],
      [332.13176470588223, 287.2454897959092],
      [322.538823529414, 284.8726338219749],
      [314.3435294117662, 291.25232087471795],
      [313.835294117649, 296.8921159099091],
      [319.10823529411755, 303.9000482476472],
      [318.9176470588245, 305.6911447959433],
      [318.40941176470733, 305.9545274539337]
    ],
    [
      [318.40941176470733, 305.9545274539337],
      [313.58117647059044, 308.7461647326754],
      [308.371764705882, 306.9026755361688],
      [279.402352941177, 308.7461647326754],
      [278.95764705882357, 312.4326201898889],
      [273.30352941176534, 311.116108958714],
      [271.7788235294138, 313.7490425778883],
      [264.2188235294143, 316.32897289214816],
      [260.8517647058834, 312.7485696640283],
      [258.31058823529565, 312.69591177368693],
      [258.56470588235425, 308.4301503985125],
      [242.68235294117767, 314.64415907450984],
      [239.50588235294344, 314.4335471218369],
      [238.87058823529696, 312.27464353383857],
      [234.93176470588332, 311.8533661959668],
      [231.2470588235301, 308.6408271906166],
      [229.78588235294228, 309.6415108567862],
      [226.2917647058839, 307.90344845411937],
      [222.60705882353068, 298.7365534456858]
    ],
    [
      [222.60705882353068, 298.7365534456858],
      [227.11764705882342, 297.8934037132117],
      [229.59529411764743, 294.04606887941145],
      [232.51764705882306, 294.30960926726493],
      [234.7411764705903, 292.51746410793885],
      [240.6494117647071, 294.04606887941145],
      [243.06352941176556, 290.88330523373224],
      [248.40000000000146, 291.99033111305243],
      [250.62352941176505, 290.30340933727166],
      [250.87764705882364, 283.396043498155],
      [247.19294117647223, 280.38977970727683],
      [251.7670588235287, 267.5683596525978],
      [250.432941176472, 259.1216225721005]
    ],
    [
      [148.08705882353206, 286.98185347149683],
      [148.34117647058883, 287.2454897959092],
      [151.39058823529558, 289.0908437383878],
      [157.10823529411937, 288.669064027873],
      [159.1411764705881, 291.8849027966612],
      [161.42823529411908, 291.77947390774943],
      [161.42823529411908, 291.7267592485978],
      [161.6188235294121, 291.9376170264195],
      [164.79529411764634, 296.0488861722165],
      [165.36705882353272, 296.7340131207666],
      [165.17647058823604, 297.5245142070321],
      [164.09647058823612, 301.845352213933],
      [166.76470588235497, 304.00541142895827],
      [166.955294117648, 308.58815820609107]
    ],
    [
      [166.955294117648, 308.58815820609107],
      [150.31058823529384, 310.6421431591334],
      [145.22823529411835, 310.06283598035134],
      [139.51058823529456, 306.79732802812214],
      [136.71529411764823, 309.79950884517166],
      [133.9200000000019, 309.79950884517166],
      [133.34823529411733, 311.6427241148731],
      [130.93411764705888, 309.85217455674274],
      [126.99529411764706, 310.6421431591334],
      [124.32705882353002, 309.4308448803181],
      [121.46823529411813, 305.3224030909323],
      [118.73647058823553, 308.48281981004175],
      [100.50352941176607, 309.2728439039056],
      [90.97411764705976, 313.22248428136254],
      [81.25411764706041, 310.3261595589802],
      [74.64705882352973, 305.5331134915282],
      [70.77176470588347, 306.32325719195796],
      [60.48000000000138, 303.5839552822995]
    ],
    [
      [60.48000000000138, 303.5839552822995],
      [59.8447058823549, 298.57846565580394],
      [62.44941176470638, 295.62725758267607],
      [64.48235294117694, 284.8199003903742],
      [71.3435294117644, 277.75232187895654],
      [72.04235294117825, 274.6924203762287],
      [70.58117647059044, 269.25726346334613],
      [72.86823529411777, 261.9200140172502],
      [72.99529411764888, 261.9728099513718]
    ],
    [
      [72.99529411764888, 261.9728099513718],
      [73.37647058823859, 262.2367874535753],
      [80.11058823529493, 262.8703187152887],
      [90.59294117647187, 262.50076134200754],
      [101.71058823529347, 266.8294177774246],
      [119.94352941176658, 269.62669148391797],
      [124.89882352941277, 259.1216225721005],
      [136.90588235294308, 247.81831927209214]
    ],
    [
      [60.48000000000138, 303.5839552822995],
      [49.74352941176585, 300.4754343248055],
      [42.945882352943954, 300.3173606686096],
      [35.32235294117709, 295.2583250619532],
      [23.887058823531333, 290.5670005289967],
      [22.99764705882444, 288.29999925883567]
    ],
    [
      [22.99764705882444, 288.29999925883567],
      [25.6658823529433, 286.1381931466444],
      [25.792941176470777, 284.9781002547775],
      [28.397647058825896, 283.92341010057453],
      [31.764705882353155, 281.1282035170975],
      [48.600000000000364, 276.22243162889754],
      [50.12470588235374, 274.0592768628162],
      [48.79058823529522, 272.37079278435885],
      [51.3952941176467, 249.03347886902475],
      [48.09176470588136, 248.98064744033945],
      [47.13882352941255, 247.55414397628283],
      [46.82117647059022, 250.1429053373672],
      [46.75764705882284, 250.1429053373672],
      [46.37647058823677, 250.1429053373672],
      [45.42352941176614, 250.1429053373672],
      [45.42352941176614, 249.98441976101867],
      [45.48705882352988, 246.18037389223764],
      [45.296470588235024, 246.18037389223764],
      [43.07294117647143, 246.44456807495908],
      [39.76941176470609, 242.05847402940753],
      [29.541176470589562, 238.99289769514735]
    ],
    [
      [29.541176470589562, 238.99289769514735],
      [29.223529411765412, 238.88717942903713],
      [27.254117647058592, 235.82109615437912],
      [24.204705882355483, 235.82109615437912],
      [19.44000000000233, 231.11529015877932],
      [19.312941176471213, 230.95664733992635],
      [18.614117647059174, 227.41328175172657],
      [14.230588235293908, 222.33507631904877],
      [12.070588235294053, 219.84837948749737],
      [11.49882352941313, 217.14968253289499],
      [11.435294117647572, 216.99092377173065],
      [11.435294117647572, 216.88508386395915],
      [14.294117647059466, 217.57303277357823],
      [15.755294117647281, 217.8905392923898],
      [17.40705882353177, 216.93800389121088],
      [17.597647058824805, 216.8321636899659],
      [17.280000000002474, 215.35033923178935],
      [20.77411764705903, 211.22179256751315],
      [19.185882352943736, 203.9152489258122],
      [20.520000000000437, 203.33272259449814],
      [20.01176470588325, 204.6036661464491],
      [21.155294117648737, 204.76252812267103],
      [21.40941176470733, 202.69721898319722],
      [22.489411764705437, 203.75637987673917],
      [27.190588235294854, 201.69096151298936],
      [28.90588235294308, 199.04266109719765],
      [29.92235294117745, 197.45350374299824],
      [29.92235294117745, 197.08268123813468],
      [29.28705882353097, 196.39399167033116],
      [27.889411764705073, 194.96355663172653],
      [27.825882352943154, 194.91057548729623],
      [28.397647058825896, 194.38075591328652],
      [29.60470588235512, 193.2680866857877],
      [30.30352941176534, 192.6322464189143],
      [32.781176470589344, 193.9039056571969],
      [35.385882352942645, 189.770701567169],
      [39.13411764706143, 188.81675736344732],
      [39.960000000000946, 185.7956174124165],
      [41.92941176470595, 184.1523391177352],
      [43.581176470590435, 182.72098059317705],
      [44.34352941176439, 182.50891827893975],
      [48.536470588236625, 181.236494522288],
      [49.552941176472814, 182.72098059317705],
      [52.22117647058985, 182.4559023293641],
      [53.68235294117767, 184.84147317201086],
      [56.03294117647238, 182.13780351517516],
      [57.2400000000016, 183.4631799958688],
      [73.63058823529536, 180.1230535838772],
      [78.9035294117657, 174.60790400929227],
      [79.09411764705874, 174.44878928867183],
      [79.34823529411733, 174.44878928867183],
      [85.06588235294294, 174.39575075086304],
      [85.31999999999971, 174.39575075086304],
      [85.70117647058942, 175.13827674012828],
      [87.73411764705816, 177.20658826602767],
      [89.13176470588405, 177.20658826602767],
      [89.4494117647082, 177.20658826602767]
    ],
    [
      [89.4494117647082, 177.20658826602767],
      [89.4494117647082, 178.85046944919486],
      [86.65411764706005, 188.2867676280971],
      [82.01647058823619, 197.13565632476548],
      [82.20705882353104, 201.4261480677419],
      [76.23529411764684, 203.49159518073475],
      [75.72705882352966, 207.25119268570415],
      [83.35058823529471, 208.204212133086],
      [84.87529411764808, 214.18596784168267],
      [84.87529411764808, 214.29182272321577],
      [84.62117647058949, 214.66231018249846]
    ],
    [
      [84.62117647058949, 214.66231018249846],
      [82.65176470588267, 217.14968253289499],
      [85.447058823529, 220.48331158062],
      [86.46352941176701, 230.90376610819658],
      [83.35058823529471, 233.33615163650074],
      [84.2400000000016, 235.23954227761396],
      [81.88941176470689, 242.26987503651617],
      [83.03294117647056, 248.7693202736932],
      [82.71529411764823, 249.40329480475293],
      [82.01647058823619, 250.5655271553278],
      [81, 252.41438842924026],
      [77.25176470588485, 253.99898526234392],
      [76.48941176470726, 254.57997141199985],
      [72.67764705882473, 260.3888690312883],
      [72.99529411764888, 261.9728099513718]
    ],
    [
      [84.62117647058949, 214.66231018249846],
      [89.4494117647082, 217.3084399735244],
      [96.94588235294032, 221.38276258544101],
      [99.04235294117643, 221.17113086490963],
      [101.2023529411781, 217.5201145069882],
      [105.14117647058993, 210.95711164802697],
      [109.01647058823619, 211.8040776536768],
      [112.51058823529456, 217.0967630925702],
      [116.95764705882539, 218.2609568899752],
      [124.9623529411765, 210.74536426598297],
      [135.00000000000182, 207.886544282444],
      [139.38352941176527, 205.66272094445912],
      [144.78352941176672, 205.13320091088326],
      [146.43529411764757, 204.9743420284126],
      [147.07058823529587, 204.86843537018558],
      [155.52000000000044, 214.66231018249846],
      [161.36470588235352, 215.9324982785556],
      [162.8894117647087, 215.35033923178935]
    ],
    [
      [338.10352941176643, 228.68262245133928],
      [340.6447058823542, 229.3701468413251],
      [348.522352941176, 221.5414848373648],
      [348.6494117647071, 221.5414848373648],
      [349.9200000000019, 222.86411899694576],
      [354.2399999999998, 222.59959948877713],
      [361.0376470588235, 219.58381821865078],
      [364.2776470588233, 220.21875910695326],
      [371.64705882353155, 215.35033923178935],
      [371.26588235294184, 217.3084399735244],
      [374.8235294117658, 216.93800389121088],
      [375.58588235294155, 219.2663398579357],
      [378.3811764705897, 218.89594176569972],
      [380.28705882353097, 220.9065879172681],
      [379.77882352941197, 225.45621647425105],
      [384.0988235294135, 228.04796262783384],
      [389.181176470589, 237.51278893645986],
      [396.16941176470755, 237.777102450455],
      [396.55058823529544, 244.80650556958926],
      [399.4094117647055, 247.13145594947946],
      [400.61647058823655, 248.08249093679024],
      [401.4423529411797, 247.7126495895177],
      [403.6023529411759, 246.76159629900076],
      [406.0164705882362, 245.70481520775684],
      [407.985882352943, 243.5382321928637],
      [410.27294117647216, 241.84707069394972],
      [411.0988235294135, 242.95691223139193],
      [411.73411764706, 244.5951324900052],
      [411.6070588235307, 244.70081932058383],
      [411.4164705882358, 244.75366251778223],
      [409.4470588235308, 247.18429246127516],
      [409.4470588235308, 247.18429246127516],
      [409.0023529411774, 250.5655271553278],
      [399.02823529411944, 257.69587067751263],
      [397.6941176470591, 260.3888690312883],
      [398.01176470588325, 262.02560574092786],
      [398.39294117647114, 261.76162534748664]
    ],
    [
      [344.9647058823539, 316.1710277734319],
      [343.1858823529419, 314.4335471218369],
      [343.50352941176607, 316.64485929664033],
      [341.4705882352955, 316.4869167331958],
      [335.62588235294425, 313.2751407504702],
      [333.72000000000116, 309.6415108567862],
      [327.8117647058825, 306.79732802812214],
      [318.3458823529436, 306.1652310160662],
      [318.40941176470733, 305.9545274539337]
    ],
    [
      [222.60705882353068, 298.7365534456858],
      [226.8000000000011, 309.37817803047574],
      [214.09411764705874, 306.5866313030019],
      [209.64705882352973, 303.1098062105666],
      [207.80470588235403, 304.58489873431654],
      [190.84235294117752, 305.3224030909323],
      [183.15529411764692, 303.9000482476472],
      [166.955294117648, 308.58815820609107]
    ],
    [
      [89.4494117647082, 177.20658826602767],
      [95.54823529411806, 174.28967322882818],
      [104.06117647058818, 183.940292827343],
      [100.24941176470566, 191.6784460798608],
      [100.9482352941177, 192.52627097039613],
      [106.09411764706056, 189.45272549666515],
      [105.33176470588296, 188.12776781911907],
      [110.0964705882343, 186.00764294236296],
      [111.68470588235505, 182.61494973286835],
      [116.95764705882539, 185.6365967083584],
      [114.35294117647209, 189.29373546249053],
      [116.64000000000124, 192.31431829828216],
      [117.97411764706158, 188.86975552238027],
      [118.80000000000109, 188.39276676010695],
      [130.4258823529417, 183.14509809868468],
      [130.48941176470908, 183.092083929846],
      [131.4423529411797, 184.41739364333944],
      [134.0470588235312, 183.19811211914475],
      [133.79294117647078, 185.5835895104933],
      [134.68235294117767, 187.43875323992324],
      [135.3811764705897, 186.90872498603585],
      [135.57176470588456, 187.06773501812722],
      [135.2541176470604, 187.75676307998629],
      [134.55529411764837, 189.0817466771482],
      [134.0470588235312, 189.92968760364238],
      [136.71529411764823, 188.44576610392278],
      [136.14352941176548, 190.19466137017434],
      [138.43058823529464, 190.45963143583867],
      [139.25647058823597, 190.5656184259351],
      [139.44705882353082, 190.19466137017434],
      [143.70352941176498, 183.51619312611183],
      [147.6423529411768, 184.1523391177352],
      [147.51529411764932, 186.0606489542447],
      [148.78588235294046, 184.52341441535282],
      [154.12235294117636, 185.05350937717276],
      [154.63058823529536, 183.83426879212448],
      [159.33176470588296, 189.6647101359158],
      [159.39529411764852, 184.78846374998693],
      [161.74588235294323, 185.53058216437012],
      [163.71529411764823, 184.2053503195043],
      [166.51058823529638, 189.6647101359158],
      [166.82823529412053, 194.3277731428575],
      [175.0235294117665, 194.2218071584948],
      [175.1505882352958, 195.12249917820554],
      [173.5623529411787, 200.31389132955246],
      [172.4188235294132, 204.07411664857773]
    ],
    [
      [22.99764705882444, 288.29999925883567],
      [13.341176470588834, 286.98185347149683],
      [8.512941176470122, 290.2506906693252],
      [2.7952941176499735, 288.8272324938712],
      [3.494117647058374, 285.2417638262905],
      [0.6352941176483, 280.600760811948],
      [1.8189894035458565e-12, 274.00651396753483],
      [3.811764705884343, 264.24289839517587],
      [8.068235294118494, 259.80805808133573],
      [8.258823529413348, 255.00249577954446],
      [10.16470588235461, 254.89686555710114],
      [9.783529411764903, 253.1010630779465],
      [7.56000000000131, 252.30874400038965],
      [8.89411764705983, 248.29382565436526],
      [8.957647058823568, 248.29382565436526],
      [22.616470588236552, 244.38375708402054],
      [24.141176470589926, 241.58281325012786],
      [24.204705882355483, 241.58281325012786],
      [27.063529411765558, 242.4812737154307],
      [29.541176470589562, 238.99289769514735]
    ]
  ],
  "bbox": [
    1.8189894035458565e-12, 156.6194496208841, 432.0000000000018,
    331.380550379115
  ]
}
