{
  "type": "Topology",
  "objects": {
    "districts": {
      "type": "GeometryCollection",
      "geometries": [
        {
          "type": "Polygon",
          "arcs": [[0, 1, 2, 3, 4]],
          "properties": {
            "dt_code": "056",
            "district": "Uttarkashi",
            "st_code": "05",
            "year": "2011_c",
            "st_nm": "Uttarakhand"
          }
        },
        {
          "type": "Polygon",
          "arcs": [[-1, 5, 6, 7, 8, 9, 10]],
          "properties": {
            "dt_code": "057",
            "district": "Chamoli",
            "st_code": "05",
            "year": "2011_c",
            "st_nm": "Uttarakhand"
          }
        },
        {
          "type": "Polygon",
          "arcs": [[-4, 11, 12, 13, 14]],
          "properties": {
            "dt_code": "060",
            "district": "Dehradun",
            "st_code": "05",
            "year": "2011_c",
            "st_nm": "Uttarakhand"
          }
        },
        {
          "type": "Polygon",
          "arcs": [[-3, 15, 16, -12]],
          "properties": {
            "dt_code": "059",
            "district": "Tehri Garhwal",
            "st_code": "05",
            "year": "2011_c",
            "st_nm": "Uttarakhand"
          }
        },
        {
          "type": "Polygon",
          "arcs": [[-2, -11, 17, -16]],
          "properties": {
            "dt_code": "058",
            "district": "Rudraprayag",
            "st_code": "05",
            "year": "2011_c",
            "st_nm": "Uttarakhand"
          }
        },
        {
          "type": "Polygon",
          "arcs": [[-7, 18, 19, 20, 21]],
          "properties": {
            "dt_code": "062",
            "district": "Pithoragarh",
            "st_code": "05",
            "year": "2011_c",
            "st_nm": "Uttarakhand"
          }
        },
        {
          "type": "Polygon",
          "arcs": [[-8, -22, 22]],
          "properties": {
            "dt_code": "063",
            "district": "Bageshwar",
            "st_code": "05",
            "year": "2011_c",
            "st_nm": "Uttarakhand"
          }
        },
        {
          "type": "Polygon",
          "arcs": [[-14, 23, 24, 25]],
          "properties": {
            "dt_code": "068",
            "district": "Haridwar",
            "st_code": "05",
            "year": "2011_c",
            "st_nm": "Uttarakhand"
          }
        },
        {
          "type": "Polygon",
          "arcs": [[-10, 26, 27, 28, -25, 23, -13, -17, -18]],
          "properties": {
            "dt_code": "061",
            "district": "Pauri Garhwal",
            "st_code": "05",
            "year": "2011_c",
            "st_nm": "Uttarakhand"
          }
        },
        {
          "type": "Polygon",
          "arcs": [[-9, -23, -21, 29, 30, -27]],
          "properties": {
            "dt_code": "064",
            "district": "Almora",
            "st_code": "05",
            "year": "2011_c",
            "st_nm": "Uttarakhand"
          }
        },
        {
          "type": "Polygon",
          "arcs": [[-28, -31, 31, 32, 33]],
          "properties": {
            "dt_code": "066",
            "district": "Nainital",
            "st_code": "05",
            "year": "2011_c",
            "st_nm": "Uttarakhand"
          }
        },
        {
          "type": "Polygon",
          "arcs": [[-20, 34, 35, -32, -30]],
          "properties": {
            "dt_code": "065",
            "district": "Champawat",
            "st_code": "05",
            "year": "2011_c",
            "st_nm": "Uttarakhand"
          }
        },
        {
          "type": "Polygon",
          "arcs": [[-33, -36, 36]],
          "properties": {
            "dt_code": "067",
            "district": "Udham Singh Nagar",
            "st_code": "05",
            "year": "2011_c",
            "st_nm": "Uttarakhand"
          }
        }
      ]
    }
  },
  "arcs": [
    [
      [228.23262905685078, 103.077299775553],
      [228.0914833369643, 103.53602341291844],
      [225.69200609888867, 104.08647166903165],
      [222.63384883467734, 108.48926848379142],
      [215.67065998693033, 111.7904461936173],
      [218.77586582443837, 114.44915550223595],
      [217.6467000653447, 119.39849549581231],
      [217.59965149204982, 119.35267638409778],
      [213.88281420169915, 118.43626232899123],
      [210.30712263123314, 120.36066184665788],
      [212.94184273578503, 123.20095383175567],
      [212.80069701590037, 126.31544400709026],
      [211.10694837726078, 127.322923507631],
      [212.4713570028307, 131.71834221477866],
      [209.74253975168722, 132.77120473856894],
      [208.80156828577674, 136.52423947288526],
      [206.96667392724703, 137.16490024969653],
      [207.48420823349988, 139.22396716497997],
      [205.5552167283804, 141.1454880273477],
      [213.55347418862948, 150.06336285839734],
      [211.7185798301016, 153.76603412258373]
    ],
    [
      [211.7185798301016, 153.76603412258373],
      [209.36615116532266, 153.99456187411715],
      [207.95469396645603, 152.30336786497628],
      [202.35591374428077, 152.53191957707895],
      [198.59202788063521, 149.19469265964062],
      [195.298627749944, 150.42910253995342],
      [193.32258767153144, 147.27428220518368],
      [188.94707035504143, 146.31397772534865],
      [185.98301023741988, 143.06674362511376],
      [181.6545414942284, 141.4199693493215]
    ],
    [
      [181.6545414942284, 141.4199693493215],
      [180.99586146808906, 141.1454880273477],
      [177.89065563058284, 134.32746407964487],
      [170.73927248965265, 135.01399368369084],
      [167.91635809191757, 131.58100643716534],
      [164.5288608146384, 132.54232836878919],
      [163.21150076236154, 131.76412050557838],
      [162.5998693095171, 131.80989864551339],
      [158.78893487257665, 135.92931374696445],
      [160.43563493792317, 140.50501055577251],
      [159.35351775212257, 141.83168118297817],
      [158.60074057939346, 151.84625320566965],
      [153.66064038335935, 154.5430132079705],
      [148.9557830538015, 154.26879023556512],
      [146.65040296231746, 155.77694990817236],
      [142.60422565889712, 152.3947889991914],
      [140.2047484208215, 155.04574132921698],
      [135.35874537137897, 156.23393581914797],
      [134.74711391853634, 158.79278053859025],
      [126.27837072533111, 159.1126031638164],
      [127.73687649749445, 161.3054753697852],
      [127.40753648442478, 167.33410066913757],
      [121.47941624918349, 175.5964046487784],
      [121.1971248094087, 181.3908048550761],
      [120.16205619690663, 182.30309070914018],
      [114.89261598780104, 181.75572631376008],
      [115.26900457416559, 174.54676890216888],
      [117.00980178610189, 172.4016165170906],
      [115.55129601394037, 170.53004502252816],
      [112.72838161620348, 168.11032568590053],
      [111.36397299063356, 169.75395419775214],
      [108.72925288608167, 169.70830045635694],
      [107.41189283380481, 175.55076994669707],
      [109.199738619036, 177.01100672303028],
      [109.57612720540237, 180.06788499879394],
      [108.25876715312552, 182.75921139794627],
      [106.04748420823307, 183.80823273523947],
      [104.58897843606974, 190.7389261740268],
      [103.45981267697425, 190.32865136637383],
      [102.09540405140433, 185.31321340475643],
      [96.54367240252759, 181.34518900544344],
      [95.27336092354562, 177.14789612232835],
      [93.90895229797388, 177.78669564708844],
      [92.68568939228862, 175.4595000967429],
      [91.41537791330666, 175.73330786348015],
      [92.16815508603759, 177.37604215094507],
      [88.7336092354617, 178.60796656051252],
      [88.7336092354617, 177.01100672303028],
      [90.66260074057755, 176.91974638090278],
      [89.01590067523284, 175.7789419712044],
      [90.70964931387425, 173.63397824885806],
      [87.69854062295599, 170.07352621859263],
      [84.1228490524918, 170.2104834228835],
      [82.3820518405555, 173.72525999036725],
      [78.66521455020666, 174.91186851399334],
      [73.58396863428425, 173.40577129289113],
      [74.33674580701336, 171.0778479387086],
      [72.73709431496354, 167.60806735679762],
      [70.47876279677439, 166.64916047833094],
      [65.96209976039972, 166.74048777463986],
      [61.210193857545164, 168.33861896704593],
      [62.48050533652713, 170.66699776094674],
      [62.48050533652713, 170.71264837605395],
      [62.19821389675235, 170.75829884232053],
      [59.657590938792055, 171.30609282844944],
      [58.90481376606476, 171.44303797650718],
      [58.76366804617646, 171.3973897426281],
      [58.387279459813726, 171.44303797650718],
      [54.717490742757946, 169.3887200973718]
    ],
    [
      [54.717490742757946, 169.3887200973718],
      [54.67044216946124, 169.1147882678033],
      [54.15290786321202, 168.79519435707607],
      [54.48224787627805, 164.36578425034395],
      [57.21106512742335, 165.23351113235776],
      [60.880853844477315, 162.1277137303291],
      [63.468525375734316, 154.26879023556512],
      [62.95099106948146, 151.3891235642527],
      [55.987802221736274, 144.34743340806517],
      [56.50533652798913, 142.19763703409217],
      [52.97669353082165, 138.94944252011464],
      [52.45915922456879, 137.39370051692003],
      [49.87148769331179, 129.84130236775763],
      [50.436070572859535, 128.33032987746537],
      [52.882596384230055, 127.64346982938514],
      [55.37617076889546, 125.85747459725326],
      [55.47026791548524, 125.21629202588792],
      [54.905685035939314, 124.16285631728442],
      [50.5772162927442, 118.7570141432966],
      [48.55412764103494, 117.15318079893768],
      [44.03746460466027, 117.88638479754854],
      [38.72097582225979, 121.68925795593759],
      [37.827052929644196, 121.46019874628792],
      [36.603790023958936, 121.0478826303688],
      [34.95708995861423, 120.58973922732685],
      [34.91004138531753, 120.49810872942044],
      [33.12219560008634, 116.60325232709465],
      [32.22827270747075, 109.63560004602596],
      [32.181224134174045, 109.63560004602596],
      [31.898932694401083, 109.54389701802393]
    ],
    [
      [31.898932694401083, 109.54389701802393],
      [29.64060117621375, 105.23316842999657],
      [31.240252668263565, 105.73768485680876],
      [32.98104988019986, 103.26079105873623],
      [34.58070137224968, 103.16904572186377],
      [36.18035286429949, 98.03033362951555],
      [39.520801568285606, 96.14871940980083],
      [40.50882160749279, 91.97153617614913],
      [43.75517316488549, 91.97153617614913],
      [49.02461337399109, 88.61969350880554],
      [51.188847745588646, 91.00739101433555],
      [53.211936397297904, 90.272758938072],
      [56.881725114353685, 91.8797157337599],
      [58.434328033106794, 87.88493406961243],
      [66.00914833369461, 86.87457581674107],
      [73.06643432803321, 81.04060272332754],
      [77.39490307122651, 81.59195012897862],
      [78.61816597690995, 81.7757276855109],
      [80.54715748202943, 79.79999022435368],
      [83.79350903942395, 80.30543845924285],
      [88.31017207580044, 75.11222103787259],
      [91.22718362012529, 76.03151753102611],
      [91.79176649967303, 72.76773641534874],
      [91.83881507296792, 72.6757876841657],
      [91.83881507296792, 72.62981308762392],
      [94.05009801786036, 73.36538815786662],
      [95.36745807013722, 73.18149808496491],
      [99.17839250707766, 72.17005865367264],
      [99.6959268133287, 72.72176212673821],
      [101.15443258549203, 74.37673953959529],
      [102.42474406447218, 73.77913181734584],
      [102.42474406447218, 73.82510256550177],
      [103.74210411674903, 78.60522051456519],
      [107.12960139403185, 76.81287118335695],
      [107.31779568721322, 76.95075250928676],
      [108.87039860596633, 78.09970975636179],
      [109.81137007187863, 78.78903799874615],
      [109.90546721847022, 78.97285302465843],
      [113.29296449575122, 84.89957054345041],
      [121.76170768895463, 84.76176890103397],
      [125.05510781964585, 81.08654918478305],
      [128.91309082988482, 80.48923321035818],
      [133.61794815944268, 82.60269630226549],
      [134.9823567850126, 86.92050280044168],
      [136.7231539969507, 85.22110234300726],
      [148.29710302766216, 86.82864867982471],
      [153.8958832498356, 84.99143753845647],
      [154.7898061424512, 86.27751108510756],
      [153.9899803964272, 88.84929779408276],
      [155.7307776083635, 90.04317838025918],
      [156.5306033543893, 93.39467481237352],
      [163.2585493356546, 99.45284720846757],
      [166.1755608799831, 99.45284720846757],
      [167.6340666521446, 97.7091005887487],
      [171.39795251579017, 99.59050203144761],
      [178.64343280331013, 97.84677280776123],
      [175.96166412546154, 92.98152066848616],
      [175.77346983228017, 88.57377219238879],
      [172.2448268351127, 86.69086634975292],
      [170.55107819646946, 83.79711876206102],
      [171.0215639294256, 82.3270456212449],
      [168.7161838379434, 82.28110330399704],
      [168.5750381180569, 81.86761554286522],
      [167.0694837725987, 77.68609621421638],
      [163.35264648224802, 74.7904527287883],
      [163.35264648224802, 74.69851754155297],
      [162.88216074929187, 72.95163203022366],
      [162.74101502940357, 72.49188837420297],
      [162.74101502940357, 72.49188837420297],
      [164.76410368111465, 71.61833300589842],
      [164.62295796122635, 69.68711855221045],
      [167.0694837725987, 67.93959502370126],
      [170.4569810498797, 60.625171911865436],
      [173.42104116750124, 62.05156082897429],
      [174.6913526464832, 61.03930012562796],
      [177.37312132433, 64.39787758022067],
      [179.39620997603924, 63.33978446837591],
      [178.45523851012877, 58.78445053865471],
      [179.49030712263084, 52.24788957000783],
      [184.85384447832803, 51.78745062197686],
      [186.45349597037603, 47.45856619333517],
      [194.82814201698966, 50.728382188383875],
      [195.53387061642388, 53.62911339647326],
      [199.15661076018114, 58.00206901237107],
      [198.30973644086225, 61.31537864527672],
      [203.8614680897408, 62.92572579300304],
      [206.5432367675876, 65.27189289103717],
      [204.56719668917322, 68.39949122106646],
      [208.1899368329323, 71.43441952819921],
      [208.09583968634252, 72.72176212673821],
      [205.13177956872096, 76.03151753102611],
      [209.64844260509562, 79.3864278457213],
      [212.23611413635263, 79.3404757022995],
      [214.40034850795018, 82.18921820912055],
      [214.9649313874961, 89.58400578566352],
      [217.12916575909185, 94.08323753595596],
      [223.76301459376919, 97.34196795476555],
      [227.71509475059975, 97.29607568854908],
      [228.9854062295799, 99.91169127935973],
      [228.23262905685078, 103.077299775553]
    ],
    [
      [228.23262905685078, 103.077299775553],
      [228.8442605096916, 102.8020582797908],
      [230.5850577216297, 110.32335337472477],
      [235.99564365061997, 108.67268792016557],
      [240.60640383358805, 109.17707882479317],
      [241.7355695926799, 114.2199765399564],
      [245.68764974951046, 115.3200009581451],
      [244.60553256370986, 117.47396232401616],
      [246.2992812023531, 119.90249572552966],
      [251.14528425179742, 121.7350693436847],
      [252.32149858418597, 123.52159540676939],
      [260.0845131779588, 118.80283522486388],
      [260.31975604443505, 116.32827990199758],
      [264.50707906774187, 118.06967973325163],
      [268.6003049444571, 116.92404658938585],
      [271.235025049009, 112.8906637213081],
      [274.01089087344917, 115.73248758226964],
      [279.18623393596135, 117.93220875885163],
      [285.11435417120265, 117.79473642017365],
      [287.2785885428002, 120.49810872942044],
      [288.1254628621209, 125.67428260060842],
      [290.8542801132644, 126.40703607519026],
      [293.536048791113, 131.21477105820304],
      [297.29993465475854, 129.97865534983157],
      [301.58135482465514, 133.22894616749045],
      [303.1339577434119, 132.8627542307786],
      [306.00392071444185, 136.661526410021],
      [308.6386408189919, 136.43271409504996],
      [314.61380962753174, 144.53037947666644]
    ],
    [
      [314.61380962753174, 144.53037947666644],
      [312.59072097582066, 146.8170026121993],
      [313.57874101502784, 150.47481932559594],
      [314.61380962753174, 153.2632598932969],
      [314.3315181877588, 153.2175522467387],
      [305.15704639512114, 152.30336786497628],
      [299.4171204530612, 155.95974606784011],
      [299.84055761272066, 158.83846993341558],
      [306.0980178610316, 166.55783258579822],
      [305.674580701374, 169.57133833879107],
      [307.274232193422, 171.99080517673565],
      [303.51034632977644, 175.27695861362554],
      [301.3461119581789, 180.8890223524195],
      [304.4513177956851, 188.9153909167053],
      [303.0398605968203, 190.6477550292975],
      [304.4513177956851, 193.5649384927001],
      [306.61555216728266, 194.2941398272419],
      [305.674580701374, 198.71411417662375],
      [306.66260074057936, 199.62527656190287],
      [301.62840339795184, 205.5919336102179],
      [301.4402091047705, 210.0083662668976],
      [300.3580919189699, 212.37536947913168]
    ],
    [
      [300.3580919189699, 212.37536947913168],
      [299.4171204530612, 214.42341745154044],
      [299.08778043999155, 215.1970471944055],
      [297.5822260945315, 215.92513061353338],
      [296.9705946416907, 216.19815222474972],
      [296.35896318884807, 216.47116856168032],
      [293.4419516445214, 215.28805967342714],
      [286.19647135700325, 219.20104195581462],
      [282.57373121324235, 216.74417962482812],
      [277.1631452842503, 217.79067318687657],
      [279.797865388804, 225.6141714042642],
      [277.25724243084187, 227.61483702176747],
      [274.90481376606476, 232.20620579288106],
      [274.85776519276806, 236.29627221084365],
      [272.45828795469424, 239.06775821364454],
      [274.81071661947135, 241.97496544786372],
      [274.2461337399254, 244.1549805582963],
      [275.6575909387939, 246.65250360524124],
      [278.43345676323224, 247.2427631494038],
      [280.6917882814196, 249.7397441143812],
      [279.0921367893716, 251.37389444877545],
      [278.6686996297103, 254.95928934370932],
      [274.340230886517, 257.3641752009412],
      [267.18884774559046, 257.9993603249095],
      [253.45066434327782, 255.32231699049407],
      [245.68764974951046, 258.815985331903],
      [237.78348943585115, 254.8685309867069],
      [236.23088651709804, 261.17486158943075]
    ],
    [
      [236.23088651709804, 261.17486158943075],
      [235.99564365061997, 261.4016560576242],
      [230.34981485514982, 267.6144227447776],
      [227.90328904378111, 266.4809078224198],
      [224.04530603354397, 268.7025124594693],
      [219.71683729035067, 262.12737413009745],
      [217.97604007841437, 262.12737413009745],
      [219.24635155739634, 266.3902227423937],
      [217.97604007841437, 268.3851615192475],
      [212.6595512960139, 268.88385268934917],
      [212.94184273578503, 265.16591779538567],
      [207.15486822043022, 262.2180862938585],
      [206.16684818122303, 261.7191622563664]
    ],
    [
      [206.16684818122303, 261.7191622563664],
      [205.5081681550855, 261.35629745241204],
      [204.61424526246992, 254.95928934370932],
      [201.03855369200392, 252.87170082555986],
      [201.08560226530062, 252.78092916622018],
      [202.7793509039402, 249.14958815822774],
      [201.55608799825677, 246.10762689801504],
      [201.46199085166518, 246.0622195633996],
      [197.46286212154155, 244.83616671636628],
      [196.33369636244788, 242.11122619022944],
      [194.26355913744192, 241.20279655627792],
      [194.68699629710318, 236.4325874538731],
      [194.87519059028637, 234.84216146884182],
      [189.65279895447566, 229.93343686057779],
      [190.1232846874318, 227.8421675078739],
      [187.01807884992195, 226.43265967965635]
    ],
    [
      [187.01807884992195, 226.43265967965635],
      [186.97103027662706, 226.3871893498026],
      [190.40557612720477, 221.38456129618135],
      [190.82901328686603, 216.65317652305794],
      [194.59289915051158, 217.15368633231174],
      [198.73317360052351, 215.69760857485198],
      [195.48682204312718, 214.92400623984304],
      [197.36876497494995, 211.00983913597156],
      [191.25245044652547, 203.36042629830536],
      [197.74515356131633, 202.72278789284928],
      [199.25070790677455, 196.52708385410915],
      [198.26268786756555, 193.97511889429734],
      [201.36789370507358, 189.50806582569112],
      [205.13177956872096, 187.59317988310158],
      [206.02570246133837, 182.30309070914018],
      [208.04879111304763, 180.7521694643806],
      [208.09583968634252, 177.6954403540285],
      [210.54236549771304, 176.55469907122188],
      [214.25920278806188, 177.37604215094507],
      [215.71770856022704, 173.31448746958404],
      [215.71770856022704, 173.2688453348651],
      [215.9059028534084, 173.2688453348651],
      [219.24635155739634, 172.35597140766595],
      [219.99912873012363, 171.44303797650718],
      [220.94010019603593, 169.29741008319115],
      [221.36353735569537, 165.91852064237628],
      [220.84600304944433, 164.50279733776097],
      [215.34131997386248, 160.43750461018044],
      [214.40034850795018, 154.58871651280606],
      [213.412328468743, 154.31449443852352],
      [211.7185798301016, 153.76603412258373]
    ],
    [
      [54.717490742757946, 169.3887200973718],
      [54.67044216946124, 169.3430651647409],
      [53.682422130254054, 176.3265396750885],
      [53.494227837072685, 176.73722391433284],
      [50.67131343933761, 178.24296320396707],
      [51.00065345240546, 180.5240783510817],
      [49.965584839905205, 180.7521694643806],
      [51.377042038770014, 182.48554076349228],
      [50.05968198649316, 182.98726618381897],
      [51.61228490524991, 184.036270479191],
      [49.16575909387757, 184.85717569087],
      [46.81333042909864, 183.6257998730407],
      [45.40187323023201, 185.4500218310218],
      [45.40187323023201, 185.4956243436036],
      [45.44892180352872, 185.54122670810557],
      [49.77739054672202, 188.18591055997877],
      [51.5652363319532, 190.9668514491609],
      [53.11783925070631, 190.7389261740268],
      [52.83554781093517, 189.09775508924395],
      [54.19995643650509, 188.55065547195682],
      [57.68155086037768, 191.19477302926498],
      [58.01089087344553, 188.77861623428817],
      [63.327379655849654, 190.92126668974652],
      [66.2443912001745, 189.32570697724395],
      [73.53692006098754, 194.02069375621295],
      [77.72424308429436, 193.88396872753083],
      [82.80548900021677, 197.210567327842],
      [80.8764974950991, 199.80750196524605],
      [73.25462862121458, 203.17824684032666],
      [69.7259856240471, 208.7336616531179],
      [70.85515138314076, 211.37399347426208],
      [78.00653452406914, 215.92513061353338],
      [79.1357002831628, 216.01613840333312],
      [79.79438030930032, 213.69525663876857],
      [82.61729470703358, 215.1515407350571],
      [82.57024613373869, 216.83518214068135],
      [85.25201481158729, 217.15368633231174],
      [86.47527771727073, 214.74197600537582],
      [87.7455891962527, 215.65210372752608],
      [87.55739490307133, 219.11005466735787],
      [90.28621215421481, 222.88553537340658],
      [89.67458070137036, 224.93206170028952],
      [89.3922892615974, 225.20490952511636],
      [82.85253757351347, 230.97895582500405],
      [82.19385754737596, 231.52441337029722],
      [82.24090612066902, 231.61532092090692],
      [83.18187758658314, 234.3877212985608],
      [85.62840339795184, 235.06937609545184],
      [84.78152907863114, 238.34086340984823],
      [90.61555216728448, 242.20206595920126],
      [90.75669788716914, 242.0658060879664]
    ],
    [
      [90.75669788716914, 242.0658060879664],
      [91.41537791330666, 242.4745817817984],
      [91.36832934001177, 242.8379280825602],
      [89.34524068830251, 243.83708251357757],
      [88.07492920932236, 249.46736748341573],
      [83.88760618601555, 253.32555044414767],
      [83.60531474624077, 255.68533538819156],
      [81.39403180134832, 255.95759311745724],
      [81.91156610760117, 259.2696456828771],
      [78.24177739054721, 263.07982309069257]
    ],
    [
      [78.24177739054721, 263.07982309069257],
      [76.40688303201932, 263.66940249918207],
      [77.72424308429436, 259.9501091505963],
      [76.64212589849558, 258.58914974380787],
      [74.47789152689984, 263.3972919523221],
      [71.60792855586988, 262.8530552944112],
      [69.25549989109095, 258.044729607971],
      [65.06817686778413, 256.59284092539565],
      [65.44456545414869, 254.18782487905446],
      [61.72772816379802, 252.1908992767335],
      [61.77477673709291, 247.37897341193957],
      [57.5404051404912, 243.33751407813043],
      [53.682422130254054, 232.88796543494618],
      [47.61315617512446, 225.06848626995134],
      [48.130690481375495, 223.56774369269442]
    ],
    [
      [48.130690481375495, 223.56774369269442],
      [48.271836201261976, 223.43130465945478],
      [48.36593334785357, 223.34034457327562],
      [48.271836201261976, 223.34034457327562],
      [48.271836201261976, 223.34034457327562],
      [48.17773905467038, 223.3858246894356],
      [45.825310389891456, 223.70418141074606],
      [39.94423872794687, 220.0199012103635],
      [34.016118492701935, 219.1555483847651],
      [18.490089305159927, 210.6911963844086],
      [14.58505772162789, 204.08912058531087],
      [14.58505772162789, 204.08912058531087],
      [13.079503376169669, 204.13466272756295],
      [12.8913090829883, 202.40395787149055],
      [10.538880418207555, 200.80969954633292],
      [10.44478327161778, 200.53638000455203],
      [10.068394685251405, 200.49082623202003],
      [6.4927031147890375, 200.12639074831395],
      [2.3524286647789268, 199.71638955827666],
      [1.1762143323885539, 200.49082623202003],
      [0.23524286647625559, 200.53638000455203],
      [0.18819429317954928, 200.53638000455203],
      [0.14114571988648095, 199.989725011033],
      [0, 198.94191029983767],
      [0, 198.85079229274197],
      [1.9760400784143712, 197.39282398292062],
      [2.7288172511434823, 196.80048122607968],
      [2.8699629710299632, 196.7093493587886],
      [8.703986059681483, 196.02584154575425],
      [9.880200392070037, 193.70166662215843],
      [14.58505772162789, 193.70166662215843],
      [18.39599215857197, 190.100715743597],
      [30.25223262905638, 185.35881636159866],
      [31.19320409496686, 183.03287669634892],
      [31.522544108036527, 182.12063828283362],
      [30.440426922239567, 177.37604215094507],
      [24.982792419950783, 177.8323230708961],
      [21.17185798301034, 172.7667720373929],
      [21.17185798301034, 172.72112811796615],
      [21.50119799608001, 171.16914634106888],
      [24.70050098017964, 172.21903518683257],
      [24.653452406881115, 169.3887200973718],
      [27.711609671096085, 169.66264656606927],
      [25.876715312568194, 165.0051671730189],
      [27.147026791548342, 163.17828124778816],
      [21.68939228925956, 160.20908229048882],
      [22.72446090176345, 156.3253312061447],
      [22.58331518187515, 156.05114325001387],
      [21.124809409713635, 153.99456187411715],
      [19.05467218470767, 151.84625320566965],
      [17.925506425614003, 151.3891235642527],
      [16.60814637333715, 150.84054821482414],
      [16.090612067087932, 150.65768496927285],
      [16.231757786974413, 148.0058983428048],
      [16.2788063602693, 148.0058983428048],
      [23.430189501195855, 139.04095133701094],
      [21.265955129598296, 136.06660655863243],
      [23.006752341536412, 131.67256377311105],
      [24.935743846655896, 131.58100643716534],
      [25.6414724460883, 134.05284274239148],
      [28.934872576779526, 135.105528402225],
      [28.41733827052849, 129.29187685195757],
      [30.1110869091699, 127.6892615567258],
      [29.875844042690005, 125.12469209654591],
      [23.618383794379042, 125.67428260060842],
      [21.924635155737633, 120.68136911944066],
      [23.147898061424712, 119.26103770613054],
      [24.74754955347271, 117.61143784627211],
      [26.488346765409005, 118.52790646227231],
      [29.9699411892816, 120.49810872942044],
      [30.346329775647973, 120.54392405409908],
      [32.88695273360827, 120.58973922732685],
      [30.016989762578305, 119.35267638409778],
      [32.181224134174045, 114.67833067029642],
      [31.33434981485516, 112.38640821375293],
      [29.1701154432576, 111.469532934163],
      [30.25223262905638, 109.31463678752607],
      [31.94598126769597, 109.63560004602596],
      [31.898932694401083, 109.54389701802393]
    ],
    [
      [181.6545414942284, 141.4199693493215],
      [181.93683293399954, 141.92317104775657],
      [180.7606186016128, 143.1582253733368],
      [181.04291004138395, 147.50291637433884],
      [179.8196471356987, 150.10908084326502],
      [177.56131561751317, 150.20051636326934],
      [176.52624700500928, 152.71475825060725],
      [172.57416684818054, 152.25765707317396],
      [168.05750381180587, 155.2285470653028],
      [166.41080374646117, 158.65571145733566],
      [166.26965802657287, 167.47108468352462],
      [163.3996950555429, 171.26044414813896],
      [163.72903506861076, 173.77090063808737],
      [160.48268351121806, 176.55469907122188],
      [160.9061206708775, 184.90278012873887],
      [155.58963188847702, 189.32570697724395],
      [158.93008059246313, 192.5166453428883],
      [158.13025484643913, 196.2992486541425],
      [154.7427575691563, 200.49082623202003],
      [157.00108908734364, 201.85737533774045],
      [157.00108908734364, 206.7758553226513],
      [159.8710520583736, 208.27838209894162],
      [159.49466347200905, 210.3270244323444],
      [161.23546068394535, 211.87469035380354],
      [159.9181006316703, 214.74197600537582],
      [161.8000435634931, 218.5641186417888],
      [167.30472663907676, 220.5202918615214],
      [167.58701807884972, 220.61127007808864],
      [165.28163798736568, 223.29486431096802],
      [164.99934654759272, 223.0674608072195]
    ],
    [
      [164.99934654759272, 223.0674608072195],
      [164.57590938793146, 222.70360760093172],
      [164.76410368111465, 222.1123261872117],
      [162.64691788281561, 220.79322475585604],
      [162.50577216292731, 220.88420121709305],
      [162.36462644304083, 220.79322475585604],
      [159.58876061860246, 223.0674608072195],
      [158.5536920061004, 222.7490897633097],
      [158.1773034197322, 224.20444179249534],
      [155.96602047484157, 223.2039033479232],
      [153.47244609017798, 226.61453953924638],
      [151.07296885210053, 225.3413314658469],
      [146.22696580265801, 227.5693704867822],
      [142.22783707253257, 224.15896430651583],
      [138.08756262252246, 223.88609632241833],
      [137.7582226094528, 227.97856404855247],
      [133.61794815944268, 228.38774579188885],
      [133.3356567196679, 230.25164644842516],
      [130.32454802875145, 232.56981501417067],
      [129.9011108690902, 236.5234635551792],
      [127.45458505772149, 237.38675749862796],
      [127.92507079067764, 239.9763243963771],
      [126.13722500544463, 240.6577108922579],
      [126.27837072533111, 242.70167430846504],
      [125.14920496623745, 243.29209789511378],
      [126.79590503158397, 245.69895566679133],
      [125.57264212589871, 247.83299820095272],
      [128.0191679372674, 248.42320876494978],
      [126.65475931169567, 248.69560538292353],
      [126.27837072533111, 250.55684273246652],
      [119.36223045088082, 247.3335701360188],
      [116.72751034633075, 250.32987559933645],
      [114.98671313439263, 247.37897341193957],
      [112.82247876279689, 250.1482992869851],
      [112.44609017643052, 248.60480708970272],
      [107.22369854062163, 246.65250360524124],
      [107.69418427357778, 242.24748562590958],
      [106.04748420823307, 241.97496544786372],
      [104.11849270311359, 238.74974631581654],
      [103.64800697015926, 238.74974631581654],
      [103.08342409061152, 238.74974631581654],
      [101.86016118492626, 238.74974631581654],
      [101.81311261163137, 239.7491883000098],
      [99.74297538662722, 241.33906470437023],
      [99.64887824003381, 241.38448712994978],
      [99.64887824003381, 241.4299094103003],
      [94.61468089740629, 238.9314682723898],
      [94.52058375081651, 238.8860380012734],
      [91.65062077978655, 240.97568007141808],
      [91.60357220649166, 241.33906470437023],
      [90.75669788716914, 242.0658060879664]
    ],
    [
      [187.01807884992195, 226.43265967965635],
      [186.97103027662706, 226.52359990141304],
      [182.3602700936608, 227.11469711052086],
      [180.29013286865484, 231.02441142203497],
      [177.9377042038759, 232.02439768572003],
      [175.35003267262073, 232.47891358293145],
      [164.95229797429602, 232.3425603434871],
      [165.37573513395728, 228.06949434613443],
      [166.9283380527104, 228.84237831430164],
      [166.9753866260071, 225.11396083439013],
      [163.96427793508883, 224.2953963261607],
      [163.96427793508883, 224.24991913237682],
      [164.99934654759272, 223.0674608072195]
    ],
    [
      [314.61380962753174, 144.53037947666644],
      [316.6839468525377, 145.71947035103176],
      [320.8242213025478, 144.3931701505271],
      [321.29470703550396, 142.1061489732915],
      [323.4589414071015, 141.6029538900243],
      [326.7523415377909, 145.8566666123861],
      [326.56414724460956, 148.3716920090542],
      [328.44609017643234, 149.88048941977058],
      [331.1749074275758, 148.64603095861412],
      [332.9627532128088, 150.8862636515214],
      [332.9157046395103, 154.40590239536368],
      [330.98671313439263, 155.95974606784011],
      [330.89261598780104, 158.56433132249413],
      [326.61119581790444, 159.2496677614854],
      [325.99956436506363, 161.99067736293364],
      [329.29296449575304, 165.59885371277232],
      [328.39904160313745, 174.04474140207185],
      [331.2219560008707, 174.45549251279317],
      [333.62143323894634, 176.87411598705012],
      [341.19625353953234, 176.82848544467424],
      [345.1012851230662, 183.21531726439935],
      [347.4537137878451, 182.12063828283362],
      [349.94728817251234, 183.58019128705064],
      [353.94641690263416, 182.6679884460491],
      [357.28686560662027, 186.59004022617637],
      [363.9677630145943, 188.04912877697507],
      [369.2372032236999, 193.65609072667075],
      [377.51775212372195, 190.28306453749337],
      [378.22348072315435, 192.19758409218502],
      [379.5878893487261, 191.60502256291102],
      [387.77434110215654, 198.57743473387336],
      [390.07972119363876, 198.12182700934864],
      [393.3260727510351, 200.67304043830472],
      [399.81877586582414, 207.27671536306752],
      [401.9359616641268, 211.64710306422148],
      [409.41668481812303, 213.01257178413653],
      [412.0043563493782, 215.10603412914816],
      [414.9684164670016, 214.5144349141633],
      [418.3559137442826, 220.38382343950752],
      [426.30712263123496, 219.74695339344044],
      [430.3532999346535, 222.70360760093172],
      [429.69461990851596, 225.52322534226005],
      [432, 228.06949434613443],
      [429.92986277499585, 230.1152717855648],
      [425.69549117839233, 231.43350523678055],
      [423.15486822043204, 230.52439183785373],
      [417.461990851667, 233.0697624708955],
      [415.95643650620696, 231.2062323526684],
      [416.3798736658682, 227.20563295330248],
      [414.8272707471151, 226.20530657048812],
      [409.22849052493984, 233.84237387744133],
      [411.06338488346773, 239.7491883000098],
      [406.8290132868642, 241.65701863377353],
      [406.02918754084203, 244.10956698717746],
      [403.3944674362883, 244.29122040116545],
      [396.7135700283179, 251.056157687005],
      [394.5022870834255, 257.5910302799084],
      [391.3970812459138, 258.1354677409636],
      [385.98649531692354, 264.34965617253556],
      [380.2465693748636, 263.3972919523221],
      [376.8590720975826, 264.3950052648597],
      [373.18928338052683, 270.06250809604035],
      [370.8368547157479, 279.850660727383],
      [365.0498802003931, 283.70064589350386],
      [363.35613156174986, 287.6854237521984],
      [356.1106512742317, 286.23654172684974],
      [352.6290568503591, 287.7306989575268],
      [351.45284251796875, 292.80061833623677],
      [347.5007623611418, 295.42540895129196],
      [350.51187105205827, 305.96500013969717],
      [353.7111740361579, 308.09007703662064],
      [354.2757569157038, 311.3449063404669],
      [352.48791113047264, 313.6951595153082],
      [352.7702025702438, 316.13540184858266],
      [349.1474624264865, 321.1049902997979],
      [344.86604225658994, 322.41486979906176],
      [344.4426050969287, 323.9956007744986],
      [346.46569374863793, 325.3955324693816],
      [344.48965367022356, 328.3304332965831],
      [341.14920496623745, 329.8653751041247],
      [340.8198649531696, 332.30288941930394],
      [338.9379220213468, 331.58070572918496],
      [337.4794162491835, 333.3860974452173],
      [339.31431060770956, 336.95108534846304],
      [336.2091047702015, 336.0035158969181],
      [335.78566761054026, 337.2218081026308],
      [332.162927466783, 337.9437107370377]
    ],
    [
      [332.162927466783, 337.9437107370377],
      [324.77630145937655, 335.958391997121],
      [322.0004356349382, 333.4763611247781],
      [320.58897843607156, 333.9728013105164],
      [317.6249183184482, 329.9556607300424],
      [315.41363537355755, 326.88563344947033],
      [315.1783925070795, 326.70502332384194],
      [314.1433238945756, 326.70502332384194],
      [311.4615552167288, 326.75017606663687]
    ],
    [
      [311.4615552167288, 326.75017606663687],
      [311.2733609235456, 326.75017606663687],
      [311.17926377695403, 326.5695642498663],
      [310.28534088433844, 324.5375258953377],
      [301.8636462644299, 321.33084006375884],
      [300.54628621215306, 313.6047722434064],
      [296.8294489218024, 307.45710818789075],
      [296.7353517752126, 305.5580347529931],
      [295.9825746024817, 303.9300581808802],
      [295.0416031365712, 303.2516802743271],
      [290.7131343933779, 301.0806560778551],
      [288.1725114354158, 300.6735525715685],
      [288.2666085820092, 299.9045478475314],
      [288.3136571553023, 299.4974110546809]
    ],
    [
      [288.3136571553023, 299.4974110546809],
      [288.360705728599, 299.0450233227848],
      [285.5848399041606, 295.69691164844335],
      [281.11522544108084, 294.0678185087804],
      [279.6567196689175, 290.7638123457068],
      [279.93901110869047, 290.03954501939734],
      [280.08015682857877, 289.63212858788984],
      [280.12720540187365, 289.5415900325279],
      [285.773034197342, 291.57856941334194],
      [290.0544543672386, 287.1421101427004],
      [290.666085820083, 288.4550828125257],
      [293.3949030712247, 288.36453683066884],
      [293.4419516445214, 291.71435776293174],
      [300.4051404922684, 291.9859306097892],
      [302.0047919843164, 291.21646086935334],
      [302.38118057068095, 290.0848127979316],
      [306.61555216728266, 288.72671732990375],
      [306.05096928773673, 286.10070153292736],
      [306.00392071444185, 286.01014068883796],
      [304.31017207580044, 285.3761987668054],
      [304.4042692223902, 282.7948600872537],
      [301.1579176649975, 280.4395490071706],
      [299.08778043999155, 280.9378201811278],
      [299.22892615987803, 279.397653266255],
      [302.7575691570455, 279.5788579701816],
      [303.5573949030695, 274.3683075965928],
      [308.59159224569885, 272.19290779569747],
      [312.59072097582066, 274.45894207550236],
      [315.31953822696596, 271.64900613635655],
      [320.4478327161851, 272.872755778405],
      [321.6710956218685, 271.92095955222476],
      [319.1775212372031, 266.61693436282576],
      [313.24940100196, 262.67163846296125],
      [310.33238945763514, 255.50382734540563],
      [312.4966238292309, 249.24038297525294],
      [312.2143323894579, 242.15664614730622],
      [314.8961010673047, 236.88696214172387],
      [316.40165541276474, 225.6141714042642],
      [311.6027009366153, 224.02253097195444],
      [311.03811805706755, 220.38382343950752],
      [309.4855151383126, 219.24653538051416],
      [310.3794380309282, 217.74517507768496],
      [307.1330864735355, 216.28915825639842],
      [305.06294924852955, 213.0580851343866],
      [301.53430625136025, 212.78500283277344],
      [300.3110433456768, 212.693974225469],
      [300.3580919189699, 212.37536947913168]
    ],
    [
      [288.3136571553023, 299.4974110546809],
      [287.3256371160951, 299.40693464669585],
      [286.5728599433678, 299.0450233227848],
      [277.63363101720824, 298.9545440687248],
      [271.8937050751447, 301.12588908969246],
      [264.1777390546722, 291.8501448283919],
      [265.0716619472878, 287.323216965573],
      [263.2367675887599, 285.4214812620876],
      [265.58919625353883, 283.2024707838823],
      [260.9313874972777, 280.71133543240194],
      [257.2615987802219, 281.0737093116709],
      [256.5558701807895, 279.80536062605825],
      [253.49771291657635, 281.02841307804374],
      [249.07514702679146, 277.7667077369524],
      [247.19320409496868, 278.4009864067584],
      [240.70050098017782, 276.36213352102095],
      [239.0067523415364, 273.09936459077926],
      [238.15987802221753, 264.8484882652924],
      [237.97168372903434, 263.12517621756524],
      [237.87758658244456, 262.08201783196],
      [237.83053800914786, 261.80987701537924],
      [236.98366368982715, 261.62844692058115],
      [236.23088651709804, 261.17486158943075]
    ],
    [
      [78.24177739054721, 263.07982309069257],
      [78.24177739054721, 263.07982309069257]
    ],
    [
      [78.24177739054721, 263.07982309069257],
      [84.21694619908521, 268.29448852736823],
      [87.32215203659143, 269.3371931962006],
      [86.28708342408936, 271.96628461864884],
      [92.35634937922077, 277.9932390590957],
      [94.37943803093003, 287.0515558738057],
      [94.84992376388618, 287.27794047421276]
    ],
    [
      [94.84992376388618, 287.27794047421276],
      [94.89697233718107, 287.41376951959455],
      [85.44020910476866, 295.7421615992721],
      [78.47702025702347, 295.923159977825],
      [77.48900021781628, 302.3018974889942],
      [74.47789152689984, 302.43758458158254],
      [69.34959703768072, 308.04486589815724],
      [63.23328250925624, 310.5312679119529],
      [63.89196253539558, 311.9777044886346],
      [60.269222391636504, 311.1641017687607],
      [59.187105205835906, 313.4691902736736],
      [55.37617076889546, 315.81909741592426],
      [55.658462208666606, 318.21380143446004],
      [52.5062077978655, 316.1805876302592],
      [49.02461337399109, 318.39451769477],
      [44.79024177738938, 315.50278605110407],
      [46.67218470921216, 313.15282738853966],
      [50.34197342626794, 313.64996595014554],
      [51.047702025700346, 309.3107241597427],
      [51.09475059899705, 309.1751018071709],
      [48.93051622740131, 308.40655103393874],
      [49.353953387060756, 306.0554353306143],
      [45.63711609671009, 301.804367203531],
      [46.86037900239353, 300.58308356124235],
      [47.28381616205479, 300.1759659738641],
      [46.71923328250887, 300.04025755088105],
      [44.03746460466027, 299.2712189675008],
      [42.24961881942909, 301.8495979403101],
      [38.5327815290766, 300.8997226083766],
      [37.544761489871235, 303.07077409970134],
      [36.03920714441301, 302.75418282274404],
      [32.51056414724371, 305.3771575562496],
      [30.816815508602303, 305.01539634684605],
      [30.769766935309235, 305.01539634684605],
      [28.08799825745882, 303.20645394382836],
      [29.546504029620337, 300.8997226083766],
      [24.794598126767596, 298.86406424539837],
      [26.064909605749563, 296.0589072658063],
      [24.41820954040486, 294.74662976448553],
      [25.78261816597478, 291.9406688253289],
      [25.076889566542377, 288.18344315273816],
      [22.206926595512414, 285.3761987668054],
      [23.147898061424712, 284.24408990399616],
      [20.795469396643966, 281.93431054214534],
      [20.983663689827154, 279.4882559048101],
      [18.160749292092078, 278.0385448934044],
      [17.784360705727522, 277.3136343386632],
      [17.69026355913593, 275.59182461983846],
      [17.784360705727522, 274.7308420671193],
      [21.736440862556265, 270.96909996421255],
      [19.572206490958706, 268.02246609900476],
      [21.78348943585297, 265.16591779538567],
      [19.94859507732508, 264.531051677493],
      [23.47723807449438, 256.86508131841356],
      [25.97081245915797, 255.54920457285698],
      [24.653452406881115, 251.3285039169782],
      [28.370289697231783, 244.47287149392878],
      [31.710738401217895, 245.88058877506455],
      [32.792855587016675, 243.33751407813043],
      [35.75691570463823, 241.92954491002365],
      [42.155521672837494, 231.97894529468567],
      [43.0023959921582, 227.8421675078739],
      [48.130690481375495, 223.56774369269442]
    ],
    [
      [206.16684818122303, 261.7191622563664],
      [206.11979960792632, 262.989116404568],
      [206.4020910477011, 263.53334787421045],
      [206.02570246133837, 264.93918313688937],
      [205.79045959485848, 265.8461001691967],
      [205.7434110215636, 266.0728204275283],
      [201.46199085166518, 266.20885085483496],
      [199.5329993465475, 271.4677009853135],
      [197.27466782835836, 270.3344916940591],
      [189.84099324765702, 273.50725140529903],
      [188.05314746242766, 274.2776725434619],
      [186.12415595730636, 277.40425016549534],
      [185.98301023741988, 277.7667077369524],
      [185.8889130908301, 277.94793308141834],
      [190.40557612720477, 281.5719584298181],
      [191.25245044652547, 282.2513611238237],
      [192.00522761925458, 284.6516593928118],
      [192.9932476584636, 287.9570728410022],
      [193.32258767153144, 289.1341594650389],
      [193.27553909823473, 289.269970939416],
      [192.8521019385753, 290.0848127979316],
      [192.47571335221073, 290.854343192193],
      [192.19342191243595, 290.80907784031524],
      [191.1113047266408, 290.49221638069776],
      [191.0172075800474, 295.69691164844335],
      [192.52276192550562, 298.54738038049527],
      [192.6168590720972, 298.63786219640906],
      [192.56981049880233, 298.68310289086367],
      [190.54672184709125, 301.3972841744221],
      [192.00522761925458, 303.70393576409697],
      [190.8760618601591, 306.3719540271745],
      [190.64081899368284, 306.9145413256415],
      [190.49967327379636, 306.5528187309278],
      [189.74689610106725, 305.01539634684605],
      [189.55870180788224, 305.1962780875833],
      [189.2293617948162, 305.5580347529931],
      [187.86495316924265, 308.2257096008684],
      [187.5356131561748, 309.4011383524612],
      [189.2764103681111, 311.61610894718024],
      [187.5826617294715, 313.2884123317608],
      [185.8889130908301, 312.61047487050655],
      [185.08908734480428, 317.26500395930907]
    ],
    [
      [185.08908734480428, 317.26500395930907],
      [178.64343280331013, 317.58127671195007],
      [177.3260727510351, 320.96947874693296],
      [178.31409279024228, 322.0987028590089],
      [173.7974297538658, 324.6730040020566],
      [171.58614680897335, 335.77789499322444],
      [168.33979525157702, 338.71069291263893]
    ],
    [
      [168.33979525157702, 338.71069291263893],
      [167.6811152254395, 339.25206767710233],
      [152.62557177085728, 334.92050352797423],
      [145.80352864299675, 329.77508891511934],
      [141.56915704639505, 329.82023208001146],
      [140.76933130036923, 329.0979245473918],
      [140.25179699412, 329.05277912981455],
      [131.12437377477727, 322.00836817716663],
      [129.8540622957953, 321.4663482277515],
      [128.48965367022356, 319.97568852110726],
      [119.6445218906556, 310.3052490880432],
      [119.40927902417752, 310.0340218216288],
      [117.99782182530907, 307.2762548375913],
      [116.962753212807, 297.95923469833906],
      [116.72751034633075, 297.687774730412],
      [99.41363537355755, 289.45105090600964],
      [94.84992376388618, 287.27794047421276]
    ],
    [
      [311.4615552167288, 326.75017606663687],
      [311.6497495099102, 326.88563344947033],
      [309.57961228490603, 327.78865025966206],
      [305.06294924852955, 329.82023208001146],
      [296.5942060553243, 333.56662424196884],
      [297.1117403615772, 330.67792546839974],
      [296.1237203223682, 329.9556607300424],
      [295.2297974297544, 333.1604357858446],
      [292.8773687649755, 333.7922795747081],
      [290.7131343933779, 331.3098775605886],
      [287.89021999564466, 332.21261842732883],
      [284.7379655848399, 337.17668799462945],
      [283.37355695926817, 336.6803575392082],
      [283.0912655194934, 339.5678602925436]
    ],
    [
      [283.0912655194934, 339.5678602925436],
      [281.0211282944874, 340.37986688340015],
      [280.6917882814196, 340.51519689702855],
      [274.340230886517, 336.81572207575164],
      [272.552385101284, 339.387408211217],
      [269.07079067741324, 339.6580854914623],
      [267.94162491831776, 337.4925258022022],
      [268.83554781093335, 335.3717685163165],
      [265.8714876933136, 335.64252076530056],
      [263.3308647353515, 333.6117555896849],
      [262.10760182966806, 325.98256027118896],
      [258.1555216728375, 323.04718293188625],
      [256.1794815944231, 323.81495455368486],
      [254.8150729688532, 321.87286509567457],
      [248.69875844042508, 324.2214053765847],
      [246.0169897625783, 324.08592303851265],
      [245.9228926159867, 322.55036779903367],
      [243.14702679154834, 322.86652485929835],
      [241.8296667392715, 328.14984120470626],
      [239.90067523415564, 330.3167976031946],
      [237.5011979960782, 330.3619390789454],
      [224.84513177956796, 317.26500395930907],
      [221.0812459159206, 316.40651441686805],
      [220.89305162273922, 314.59900108994316],
      [219.3404487039843, 313.87593236017847],
      [219.29340013069123, 313.92112521746867],
      [213.2711827488547, 316.99390751389],
      [213.17708560226492, 318.6655878449578],
      [204.8024395556513, 326.5695642498663],
      [196.38074493574277, 324.3117262300325],
      [195.81616205619503, 324.176244738283],
      [195.06338488346591, 322.3245370933696],
      [191.06425615334228, 323.54398099021864],
      [191.20540187322877, 321.5115173333629],
      [187.11217599651354, 318.12344245619533],
      [182.12502722718273, 317.76200088866017],
      [185.08908734480428, 317.26500395930907]
    ],
    [
      [283.0912655194934, 339.5678602925436],
      [284.0792855587006, 339.4776345324649],
      [281.2093225876706, 344.48431602342816],
      [284.45567414506513, 347.0546439007644],
      [284.26747985188376, 348.4523506451892],
      [288.50185144848547, 348.49743572161015],
      [289.48987148769265, 351.56289295826855],
      [285.9141799172303, 352.0136409958636],
      [284.26747985188376, 356.88083028426536],
      [281.0211282944874, 355.12342190213667],
      [281.06817686778413, 353.0052375175828],
      [276.2692223916347, 353.2305909381089],
      [279.32737965584784, 357.2863559431289],
      [278.5746024831187, 359.4940198048789],
      [279.42147680243943, 362.51212095921574],
      [284.0322369854075, 361.7463932648202],
      [285.5848399041606, 364.088492538383],
      [290.33674580701336, 365.5746297000728],
      [292.83032019167877, 370.66237750015716],
      [289.58396863428425, 375.2533363525181],
      [287.09039424961884, 376.468348834439],
      [286.76105423654917, 378.67311370158177],
      [290.8072315399695, 382.85675409940086],
      [294.61816597690995, 382.2720160283602],
      [298.80548900021677, 384.0261602059227],
      [298.7584404269219, 384.07113549941187],
      [298.6172947070354, 384.3859586875283],
      [296.2178174689616, 389.5121274449748],
      [297.5822260945315, 392.52403987236676],
      [298.38205184055914, 393.24321110295296]
    ],
    [
      [298.38205184055914, 393.24321110295296],
      [298.5231975604438, 393.37805178579356],
      [291.04247440644576, 396.43410847522364],
      [289.0193857547365, 402.09512200316294],
      [286.94924852973236, 402.09512200316294],
      [286.5258113700729, 404.251125392866],
      [284.22043127858706, 399.30981639957736],
      [278.52755390982384, 403.30791279086134],
      [278.6216510564136, 402.22988147358865],
      [276.2221738183398, 401.4213061276623],
      [277.8688738836863, 398.8605241323512],
      [277.1160967109554, 397.60243270151796],
      [273.7756480069693, 397.55749887237107],
      [272.5994336745789, 395.89485056633566],
      [270.3881507296883, 397.51256490580363],
      [265.9185362666085, 396.7486664461294],
      [262.4839904160308, 392.20939137698133],
      [258.62600740579364, 390.1415333893656],
      [255.61489871487538, 394.05223662122944],
      [229.26769766935286, 393.82751178302215],
      [231.71422348072156, 389.2873330615903],
      [225.2685689392274, 380.65261948424177],
      [212.00087126987637, 367.06061549132664],
      [194.26355913744192, 361.97161146775716],
      [190.9701590067525, 364.80906279847886],
      [186.97103027662706, 361.5662161970854],
      [182.73665868002536, 364.94416575940977],
      [179.0668699629714, 359.89947272047766],
      [181.18405576127225, 357.64681371555116],
      [179.8666957089954, 354.8079671700666],
      [172.1036811152244, 355.88949779156474],
      [168.48094097146532, 352.55452020462553],
      [168.33979525157702, 352.55452020462553],
      [162.7880636027021, 351.56289295826855],
      [161.18841211065046, 351.2924374305767],
      [158.88303201916642, 351.65304368325997]
    ],
    [
      [158.88303201916642, 351.65304368325997],
      [159.11827488564631, 349.8048421141366],
      [161.56480069701502, 349.5343538864695],
      [162.31757786974595, 347.7309704017148],
      [165.37573513395728, 346.2881024752246],
      [168.29274667828395, 340.47008703273104],
      [170.4569810498797, 339.20695388512695],
      [168.33979525157702, 338.71069291263893]
    ],
    [
      [332.162927466783, 337.9437107370377],
      [332.162927466783, 342.59009908986263],
      [336.16205619690663, 345.38623724926356],
      [335.7386190372472, 349.44419002558516],
      [341.5726421258987, 358.14242858642865],
      [339.925942060554, 360.2598658410134],
      [338.138096275321, 367.96113930466163],
      [338.2792419952075, 373.13807371003713],
      [334.1389675451992, 371.6977196805133],
      [333.57438466564963, 369.7170009736692],
      [332.3040731866695, 370.88745812992283],
      [331.97473317360163, 372.5529470099568],
      [334.09191897190067, 374.44327193271283],
      [335.6915704639523, 381.1924382359489],
      [331.0337617076875, 384.2060605513643],
      [324.87039860596815, 381.73223708270916],
      [322.5650185144841, 383.2615590871419],
      [319.9302984099322, 386.58953161275167],
      [318.04835547810944, 392.3442415582231],
      [319.1304726639082, 392.6139382034007],
      [317.4837725985617, 399.53445738287655],
      [318.84818122413344, 400.11850787288313],
      [316.636898279241, 403.80198407628177],
      [314.47266390764526, 403.03841236839844],
      [311.08516663036426, 409.90913207473704],
      [311.13221520365914, 409.59485539571824]
    ],
    [
      [311.13221520365914, 409.59485539571824],
      [311.5556523633186, 408.74178489537144],
      [311.13221520365914, 408.3376816234745],
      [309.57961228490603, 406.94568546839264],
      [309.34436941842614, 406.72115763449347],
      [309.29732084513125, 406.5864392904732],
      [308.40339795251566, 403.08332944834956],
      [309.20322369853966, 400.52283692698074],
      [303.8396863428443, 387.9834576788812],
      [303.7926377695512, 387.9384943906807],
      [302.8516663036371, 390.6360476851846],
      [298.38205184055914, 393.24321110295296]
    ],
    [
      [311.13221520365914, 409.59485539571824],
      [309.29732084513125, 413.1413032251562],
      [310.05009801786036, 424.40347655720007],
      [308.40339795251566, 426.6907572877831],
      [310.42648660422674, 429.2018737863932],
      [309.6266608582009, 431.9815414622981],
      [305.674580701374, 436.86711185322747],
      [296.2648660422565, 440.5414338066639],
      [294.3358745371388, 436.6430383719853],
      [294.90045741668473, 435.29852633028395],
      [292.5009801786091, 433.4160044630098],
      [294.4770202570253, 431.3539201952076],
      [289.67806578087584, 432.16085693740115],
      [286.14942278370654, 429.9640926804036],
      [285.7259856240471, 428.39477568563916],
      [286.8081028098459, 427.4979483696907],
      [291.4188629928103, 428.97768428603786],
      [291.32476584622054, 426.95982587707385],
      [288.78414288826025, 426.6907572877831],
      [288.0313657155293, 424.40347655720007],
      [286.8081028098459, 425.3004915708243],
      [284.9261598780231, 423.86524141699465],
      [282.80897407972043, 426.28714522379914],
      [283.1853626660868, 429.65024259666916],
      [278.15116532345746, 429.60540632702305],
      [279.0921367893716, 427.18404596186065],
      [280.08015682857877, 428.5741346243253],
      [281.67980832062676, 424.98654250797154],
      [280.03310825528024, 424.044655308393],
      [281.6327597473319, 423.910095094046],
      [280.87998257460094, 421.7569649959519],
      [282.103245480288, 422.8335692667929],
      [283.23241123937987, 421.1737715856143],
      [282.62077978653906, 418.9305053430162],
      [281.1622740143757, 419.55865424626245],
      [279.515573949031, 417.22539499029926],
      [279.3744282291427, 417.1805210047678],
      [278.7157482030052, 417.1805210047678],
      [277.0219995643656, 417.1805210047678],
      [276.78675669788754, 417.44976287107147],
      [274.99891091265636, 419.46892032495816],
      [270.7174907427561, 419.3791858582458],
      [270.2940535830967, 421.08404747859095],
      [267.89457634502287, 420.94946029600396],
      [265.44805053365235, 423.7755336544883],
      [262.4839904160308, 421.8466850153686],
      [262.5780875626224, 421.7121047818864],
      [259.1435417120447, 419.6932541056285],
      [250.25136135918, 423.0129956846549],
      [248.8869527336101, 421.8466850153686],
      [250.20431278588512, 418.3472002844678],
      [246.76976693530742, 415.47520841565074],
      [242.44129819211594, 420.4110992999804],
      [235.5722064909587, 419.6483876221837],
      [233.73731213243263, 419.4240531597766],
      [233.26682639947467, 419.87271867602976],
      [230.4909605750363, 420.1419114417322],
      [230.4909605750363, 420.1419114417322],
      [230.4909605750363, 420.05218106512893],
      [231.14964060117563, 417.27026883936514],
      [230.6321062949246, 416.55227087777394],
      [230.02047484208197, 415.78935975692184],
      [230.72620344151437, 413.5901598355613],
      [230.72620344151437, 413.5901598355613],
      [228.27967763014567, 408.0233714125975],
      [225.4567632324106, 408.0233714125975],
      [223.85711174036078, 402.94857779702306],
      [222.58680026138063, 403.80198407628177],
      [222.9161402744503, 405.68828548845613],
      [216.32934001306785, 404.4307780806921],
      [215.76475713352193, 405.9577373833222],
      [209.78958832498392, 402.22988147358865],
      [208.75451971248003, 399.7141676976171],
      [203.8614680897408, 397.2429582203672],
      [198.8272707471133, 399.48952946088],
      [197.74515356131633, 397.0182822029383],
      [199.29775648006944, 394.59156219864553],
      [195.2515791766491, 391.62502627142476],
      [196.61598780222084, 384.7907214169204],
      [192.47571335221073, 382.58687789106807],
      [191.44064473970866, 382.9467117303125],
      [182.07797865388784, 377.0983155653057],
      [181.13700718797554, 377.81824432045596],
      [182.4073186669575, 378.6281218215695],
      [182.21912437377432, 380.4276891287318],
      [182.17207580047943, 380.5626477568171],
      [179.8666957089954, 379.3029854957176],
      [179.7255499891071, 380.11278082376293],
      [179.63145284251914, 382.1820542526093],
      [182.548464386844, 382.9916903385538],
      [182.548464386844, 382.9916903385538],
      [182.59551296013706, 382.9916903385538],
      [182.5014158135491, 383.0816471406206],
      [181.37225005445362, 384.52088083988747],
      [180.85471574820258, 385.1505011221534],
      [178.54933565672036, 385.2404446680821],
      [175.96166412546154, 381.68725460564474],
      [175.11478980614265, 381.05748541425874],
      [174.92659551295947, 381.1924382359489],
      [174.40906120670843, 382.5418980394634],
      [174.36201263341354, 382.4969180496987],
      [172.1036811152244, 384.11611065481384],
      [169.4219124373776, 382.7218166169232],
      [168.43389239817043, 384.3859586875283],
      [165.9403180135032, 383.39649159668943],
      [165.89326944020831, 383.39649159668943],
      [167.44587235896324, 381.8671836847034],
      [165.28163798736568, 377.0083219793455],
      [166.1755608799831, 375.7483536251689],
      [161.98823785667628, 371.96779687721846],
      [163.02330646917835, 371.0675201364561],
      [161.89414071008468, 368.3663568955585],
      [159.9181006316703, 368.00616403692675],
      [159.9181006316703, 366.7454190290582],
      [158.78893487257665, 368.00616403692675],
      [157.37747767371002, 366.6103327468668],
      [155.11914615552087, 368.14123740045034],
      [155.0250490089311, 368.09621308481564],
      [154.97800043563439, 368.05118863030975],
      [153.61359181006264, 367.4658580831024],
      [153.0960575038098, 366.88050406077855],
      [147.68547157481953, 363.54804147955065],
      [149.09692877368798, 363.45796435578586],
      [148.29710302766216, 361.38603690218633],
      [143.30995425833135, 357.96220694831436],
      [144.48616859072172, 358.00726256690314],
      [144.3920714441283, 355.30367867961877],
      [146.46220866913427, 355.93455982376054],
      [148.48529732084353, 353.0953793046415],
      [149.8497059464171, 354.76290165023147],
      [151.82574602483146, 354.40237246810875],
      [152.15508603790113, 356.74565255498965],
      [153.2372032236981, 355.6641855383514],
      [152.62557177085728, 353.50101043561745],
      [155.87192332824998, 349.3540256055103],
      [156.06011762143316, 350.5711981004001],
      [156.06011762143316, 350.6613549728763],
      [156.06011762143316, 350.7064331995098],
      [156.20126334131965, 350.7515112864048],
      [158.2714005663256, 351.7431938494965],
      [158.83598344587153, 352.0136409958636],
      [158.88303201916642, 351.65304368325997]
    ]
  ],
  "bbox": [0, 47.45856619333517, 432, 440.5414338066639]
}
